SN,Total Feedback Given,Total Configured,Questions,Weightage 1,Weightage 2,Weightage 3,Weightage 4,Weightage 5,Average/ Percentage,Course Name ,Basic Course
1,1,12,How much of the syllabus was covered in the class?,0,0,1,0,0,3.00 / 60.00,FY B.VOC FOOD TECHNOLOGY,B.VOC FOOD TECHNOLOGY
2,1,12,How well did the teachers prepare for the classes?,0,0,0,0,1,5.00 / 100.00,FY B.VOC FOOD TECHNOLOGY,B.VOC FOOD TECHNOLOGY
3,1,12,How well were the teachers able to communicate?,0,0,0,0,1,5.00 / 100.00,FY B.VOC FOOD TECHNOLOGY,B.VOC FOOD TECHNOLOGY
4,1,12,The teacher’s approach to teaching can best be described as,0,0,1,0,0,3.00 / 60.00,FY B.VOC FOOD TECHNOLOGY,B.VOC FOOD TECHNOLOGY
5,1,12,Fairness of the internal evaluation process by the teachers.,0,0,0,1,0,4.00 / 80.00,FY B.VOC FOOD TECHNOLOGY,B.VOC FOOD TECHNOLOGY
6,1,12,Was your performance in assignments discussed with you?,0,0,0,1,0,4.00 / 80.00,FY B.VOC FOOD TECHNOLOGY,B.VOC FOOD TECHNOLOGY
7,1,12,"The institute takes an active interest in promoting internships, student exchange, field visit opportunities for students.",0,0,1,0,0,3.00 / 60.00,FY B.VOC FOOD TECHNOLOGY,B.VOC FOOD TECHNOLOGY
8,1,12,"The teaching and mentoring process in your institution facilitates you in cognitive, social and
emotional growth.",0,1,0,0,0,2.00 / 40.00,FY B.VOC FOOD TECHNOLOGY,B.VOC FOOD TECHNOLOGY
9,1,12,The institution provides multiple opportunities to learn and grow.,0,0,0,1,0,4.00 / 80.00,FY B.VOC FOOD TECHNOLOGY,B.VOC FOOD TECHNOLOGY
10,1,12,"Teachers inform you about your expected competencies, course outcomes and program
outcomes.",0,0,1,0,0,3.00 / 60.00,FY B.VOC FOOD TECHNOLOGY,B.VOC FOOD TECHNOLOGY
11,1,12,Your mentor does a necessary follow-up with an assigned task to you.,0,0,1,0,0,3.00 / 60.00,FY B.VOC FOOD TECHNOLOGY,B.VOC FOOD TECHNOLOGY
12,1,12,The teachers illustrate the concepts through examples and applications.,0,0,0,0,1,5.00 / 100.00,FY B.VOC FOOD TECHNOLOGY,B.VOC FOOD TECHNOLOGY
13,1,12,The teachers identify your strengths and encourage you to provide the proper level of challenges.,0,1,0,0,0,2.00 / 40.00,FY B.VOC FOOD TECHNOLOGY,B.VOC FOOD TECHNOLOGY
14,1,12,Teachers are able to identify your weaknesses and help you to overcome them.,0,0,1,0,0,3.00 / 60.00,FY B.VOC FOOD TECHNOLOGY,B.VOC FOOD TECHNOLOGY
15,1,12,"The institution makes effort to engage students in the monitoring, review and continuous quality improvement of the teaching-learning process.",0,0,1,0,0,3.00 / 60.00,FY B.VOC FOOD TECHNOLOGY,B.VOC FOOD TECHNOLOGY
16,1,12,"The institute/ teachers use student-centric methods, such as experiential learning, participative learning and problem-solving methodologies for enhancing learning experiences.",0,0,1,0,0,3.00 / 60.00,FY B.VOC FOOD TECHNOLOGY,B.VOC FOOD TECHNOLOGY
17,1,12,Teachers encourage you to participate in extracurricular activities.,0,0,0,1,0,4.00 / 80.00,FY B.VOC FOOD TECHNOLOGY,B.VOC FOOD TECHNOLOGY
18,1,12,"Efforts are made by the institute/ teachers to inculcate soft skills, life skills and employability skills to make you ready for the world of work.",0,1,0,0,0,2.00 / 40.00,FY B.VOC FOOD TECHNOLOGY,B.VOC FOOD TECHNOLOGY
19,1,12,"What percentage of teachers use ICT tools such as LCD projectors, Multimedia, etc. while teaching?",0,0,0,1,0,4.00 / 80.00,FY B.VOC FOOD TECHNOLOGY,B.VOC FOOD TECHNOLOGY
20,1,12,The overall quality of the teaching-learning process in your institute is very good.,0,0,1,0,0,3.00 / 60.00,FY B.VOC FOOD TECHNOLOGY,B.VOC FOOD TECHNOLOGY
1,1,144,How much of the syllabus was covered in the class?,0,0,0,0,1,5.00 / 100.00,FYBA,BACHELOR OF ARTS
2,1,144,How well did the teachers prepare for the classes?,0,0,0,0,1,5.00 / 100.00,FYBA,BACHELOR OF ARTS
3,1,144,How well were the teachers able to communicate?,0,0,0,0,1,5.00 / 100.00,FYBA,BACHELOR OF ARTS
4,1,144,The teacher’s approach to teaching can best be described as,0,0,0,0,1,5.00 / 100.00,FYBA,BACHELOR OF ARTS
5,1,144,Fairness of the internal evaluation process by the teachers.,0,0,0,0,1,5.00 / 100.00,FYBA,BACHELOR OF ARTS
6,1,144,Was your performance in assignments discussed with you?,0,0,0,1,0,4.00 / 80.00,FYBA,BACHELOR OF ARTS
7,1,144,"The institute takes an active interest in promoting internships, student exchange, field visit opportunities for students.",0,0,1,0,0,3.00 / 60.00,FYBA,BACHELOR OF ARTS
8,1,144,"The teaching and mentoring process in your institution facilitates you in cognitive, social and
emotional growth.",0,0,0,0,1,5.00 / 100.00,FYBA,BACHELOR OF ARTS
9,1,144,The institution provides multiple opportunities to learn and grow.,0,0,0,1,0,4.00 / 80.00,FYBA,BACHELOR OF ARTS
10,1,144,"Teachers inform you about your expected competencies, course outcomes and program
outcomes.",0,0,0,0,1,5.00 / 100.00,FYBA,BACHELOR OF ARTS
11,1,144,Your mentor does a necessary follow-up with an assigned task to you.,0,0,0,0,1,5.00 / 100.00,FYBA,BACHELOR OF ARTS
12,1,144,The teachers illustrate the concepts through examples and applications.,0,0,0,0,1,5.00 / 100.00,FYBA,BACHELOR OF ARTS
13,1,144,The teachers identify your strengths and encourage you to provide the proper level of challenges.,0,0,0,0,1,5.00 / 100.00,FYBA,BACHELOR OF ARTS
14,1,144,Teachers are able to identify your weaknesses and help you to overcome them.,0,0,0,0,1,5.00 / 100.00,FYBA,BACHELOR OF ARTS
15,1,144,"The institution makes effort to engage students in the monitoring, review and continuous quality improvement of the teaching-learning process.",0,0,0,1,0,4.00 / 80.00,FYBA,BACHELOR OF ARTS
16,1,144,"The institute/ teachers use student-centric methods, such as experiential learning, participative learning and problem-solving methodologies for enhancing learning experiences.",0,0,0,1,0,4.00 / 80.00,FYBA,BACHELOR OF ARTS
17,1,144,Teachers encourage you to participate in extracurricular activities.,0,0,0,1,0,4.00 / 80.00,FYBA,BACHELOR OF ARTS
18,1,144,"Efforts are made by the institute/ teachers to inculcate soft skills, life skills and employability skills to make you ready for the world of work.",0,0,0,1,0,4.00 / 80.00,FYBA,BACHELOR OF ARTS
19,1,144,"What percentage of teachers use ICT tools such as LCD projectors, Multimedia, etc. while teaching?",0,0,0,0,1,5.00 / 100.00,FYBA,BACHELOR OF ARTS
20,1,144,The overall quality of the teaching-learning process in your institute is very good.,0,0,0,1,0,4.00 / 80.00,FYBA,BACHELOR OF ARTS
1,74,119,How much of the syllabus was covered in the class?,1,2,13,27,31,4.15 / 82.97,FY BCOM (ACCOUNTING & FINANCE),BACHELOR OF COMMERCE (ACCOUNTING AND FINANCE)
2,74,119,How well did the teachers prepare for the classes?,1,1,14,52,6,3.82 / 76.49,FY BCOM (ACCOUNTING & FINANCE),BACHELOR OF COMMERCE (ACCOUNTING AND FINANCE)
3,74,119,How well were the teachers able to communicate?,2,1,7,28,36,4.28 / 85.68,FY BCOM (ACCOUNTING & FINANCE),BACHELOR OF COMMERCE (ACCOUNTING AND FINANCE)
4,74,119,The teacher’s approach to teaching can best be described as,0,5,17,35,17,3.86 / 77.30,FY BCOM (ACCOUNTING & FINANCE),BACHELOR OF COMMERCE (ACCOUNTING AND FINANCE)
5,74,119,Fairness of the internal evaluation process by the teachers.,3,3,9,21,38,4.19 / 83.78,FY BCOM (ACCOUNTING & FINANCE),BACHELOR OF COMMERCE (ACCOUNTING AND FINANCE)
6,74,119,Was your performance in assignments discussed with you?,1,3,8,27,35,4.24 / 84.86,FY BCOM (ACCOUNTING & FINANCE),BACHELOR OF COMMERCE (ACCOUNTING AND FINANCE)
7,74,119,"The institute takes an active interest in promoting internships, student exchange, field visit opportunities for students.",2,6,22,10,34,3.92 / 78.38,FY BCOM (ACCOUNTING & FINANCE),BACHELOR OF COMMERCE (ACCOUNTING AND FINANCE)
8,74,119,"The teaching and mentoring process in your institution facilitates you in cognitive, social and
emotional growth.",1,4,12,40,17,3.92 / 78.38,FY BCOM (ACCOUNTING & FINANCE),BACHELOR OF COMMERCE (ACCOUNTING AND FINANCE)
9,74,119,The institution provides multiple opportunities to learn and grow.,1,3,8,43,19,4.03 / 80.54,FY BCOM (ACCOUNTING & FINANCE),BACHELOR OF COMMERCE (ACCOUNTING AND FINANCE)
10,74,119,"Teachers inform you about your expected competencies, course outcomes and program
outcomes.",0,3,9,32,30,4.20 / 84.05,FY BCOM (ACCOUNTING & FINANCE),BACHELOR OF COMMERCE (ACCOUNTING AND FINANCE)
11,74,119,Your mentor does a necessary follow-up with an assigned task to you.,2,4,11,30,27,4.03 / 80.54,FY BCOM (ACCOUNTING & FINANCE),BACHELOR OF COMMERCE (ACCOUNTING AND FINANCE)
12,74,119,The teachers illustrate the concepts through examples and applications.,1,4,7,27,35,4.23 / 84.59,FY BCOM (ACCOUNTING & FINANCE),BACHELOR OF COMMERCE (ACCOUNTING AND FINANCE)
13,74,119,The teachers identify your strengths and encourage you to provide the proper level of challenges.,1,2,6,32,33,4.27 / 85.41,FY BCOM (ACCOUNTING & FINANCE),BACHELOR OF COMMERCE (ACCOUNTING AND FINANCE)
14,74,119,Teachers are able to identify your weaknesses and help you to overcome them.,1,3,12,34,24,4.04 / 80.81,FY BCOM (ACCOUNTING & FINANCE),BACHELOR OF COMMERCE (ACCOUNTING AND FINANCE)
15,74,119,"The institution makes effort to engage students in the monitoring, review and continuous quality improvement of the teaching-learning process.",0,4,9,46,15,3.97 / 79.46,FY BCOM (ACCOUNTING & FINANCE),BACHELOR OF COMMERCE (ACCOUNTING AND FINANCE)
16,74,119,"The institute/ teachers use student-centric methods, such as experiential learning, participative learning and problem-solving methodologies for enhancing learning experiences.",1,5,5,44,19,4.01 / 80.27,FY BCOM (ACCOUNTING & FINANCE),BACHELOR OF COMMERCE (ACCOUNTING AND FINANCE)
17,74,119,Teachers encourage you to participate in extracurricular activities.,1,2,5,34,32,4.27 / 85.41,FY BCOM (ACCOUNTING & FINANCE),BACHELOR OF COMMERCE (ACCOUNTING AND FINANCE)
18,74,119,"Efforts are made by the institute/ teachers to inculcate soft skills, life skills and employability skills to make you ready for the world of work.",1,5,10,35,23,4.00 / 80.00,FY BCOM (ACCOUNTING & FINANCE),BACHELOR OF COMMERCE (ACCOUNTING AND FINANCE)
19,74,119,"What percentage of teachers use ICT tools such as LCD projectors, Multimedia, etc. while teaching?",19,5,26,18,6,2.82 / 56.49,FY BCOM (ACCOUNTING & FINANCE),BACHELOR OF COMMERCE (ACCOUNTING AND FINANCE)
20,74,119,The overall quality of the teaching-learning process in your institute is very good.,0,3,10,36,25,4.12 / 82.43,FY BCOM (ACCOUNTING & FINANCE),BACHELOR OF COMMERCE (ACCOUNTING AND FINANCE)
1,20,33,How much of the syllabus was covered in the class?,0,0,1,4,15,4.70 / 94.00,FY BCOM (BANKING & INSURANCE),BACHELOR OF COMMERCE (BANKING AND INSURANCE)
2,20,33,How well did the teachers prepare for the classes?,1,1,0,12,6,4.05 / 81.00,FY BCOM (BANKING & INSURANCE),BACHELOR OF COMMERCE (BANKING AND INSURANCE)
3,20,33,How well were the teachers able to communicate?,0,1,2,3,14,4.50 / 90.00,FY BCOM (BANKING & INSURANCE),BACHELOR OF COMMERCE (BANKING AND INSURANCE)
4,20,33,The teacher’s approach to teaching can best be described as,0,1,1,8,10,4.35 / 87.00,FY BCOM (BANKING & INSURANCE),BACHELOR OF COMMERCE (BANKING AND INSURANCE)
5,20,33,Fairness of the internal evaluation process by the teachers.,0,0,1,9,10,4.45 / 89.00,FY BCOM (BANKING & INSURANCE),BACHELOR OF COMMERCE (BANKING AND INSURANCE)
6,20,33,Was your performance in assignments discussed with you?,0,2,0,4,14,4.50 / 90.00,FY BCOM (BANKING & INSURANCE),BACHELOR OF COMMERCE (BANKING AND INSURANCE)
7,20,33,"The institute takes an active interest in promoting internships, student exchange, field visit opportunities for students.",0,1,3,1,15,4.50 / 90.00,FY BCOM (BANKING & INSURANCE),BACHELOR OF COMMERCE (BANKING AND INSURANCE)
8,20,33,"The teaching and mentoring process in your institution facilitates you in cognitive, social and
emotional growth.",0,1,0,10,9,4.35 / 87.00,FY BCOM (BANKING & INSURANCE),BACHELOR OF COMMERCE (BANKING AND INSURANCE)
9,20,33,The institution provides multiple opportunities to learn and grow.,0,1,3,11,5,4.00 / 80.00,FY BCOM (BANKING & INSURANCE),BACHELOR OF COMMERCE (BANKING AND INSURANCE)
10,20,33,"Teachers inform you about your expected competencies, course outcomes and program
outcomes.",1,0,2,2,15,4.50 / 90.00,FY BCOM (BANKING & INSURANCE),BACHELOR OF COMMERCE (BANKING AND INSURANCE)
11,20,33,Your mentor does a necessary follow-up with an assigned task to you.,2,2,0,4,12,4.10 / 82.00,FY BCOM (BANKING & INSURANCE),BACHELOR OF COMMERCE (BANKING AND INSURANCE)
12,20,33,The teachers illustrate the concepts through examples and applications.,2,2,1,2,13,4.10 / 82.00,FY BCOM (BANKING & INSURANCE),BACHELOR OF COMMERCE (BANKING AND INSURANCE)
13,20,33,The teachers identify your strengths and encourage you to provide the proper level of challenges.,1,0,1,6,12,4.40 / 88.00,FY BCOM (BANKING & INSURANCE),BACHELOR OF COMMERCE (BANKING AND INSURANCE)
14,20,33,Teachers are able to identify your weaknesses and help you to overcome them.,1,1,0,6,12,4.35 / 87.00,FY BCOM (BANKING & INSURANCE),BACHELOR OF COMMERCE (BANKING AND INSURANCE)
15,20,33,"The institution makes effort to engage students in the monitoring, review and continuous quality improvement of the teaching-learning process.",1,0,2,6,11,4.30 / 86.00,FY BCOM (BANKING & INSURANCE),BACHELOR OF COMMERCE (BANKING AND INSURANCE)
16,20,33,"The institute/ teachers use student-centric methods, such as experiential learning, participative learning and problem-solving methodologies for enhancing learning experiences.",1,1,2,3,13,4.30 / 86.00,FY BCOM (BANKING & INSURANCE),BACHELOR OF COMMERCE (BANKING AND INSURANCE)
17,20,33,Teachers encourage you to participate in extracurricular activities.,1,0,1,8,10,4.30 / 86.00,FY BCOM (BANKING & INSURANCE),BACHELOR OF COMMERCE (BANKING AND INSURANCE)
18,20,33,"Efforts are made by the institute/ teachers to inculcate soft skills, life skills and employability skills to make you ready for the world of work.",1,1,1,4,13,4.35 / 87.00,FY BCOM (BANKING & INSURANCE),BACHELOR OF COMMERCE (BANKING AND INSURANCE)
19,20,33,"What percentage of teachers use ICT tools such as LCD projectors, Multimedia, etc. while teaching?",0,0,2,8,10,4.40 / 88.00,FY BCOM (BANKING & INSURANCE),BACHELOR OF COMMERCE (BANKING AND INSURANCE)
20,20,33,The overall quality of the teaching-learning process in your institute is very good.,0,0,0,10,10,4.50 / 90.00,FY BCOM (BANKING & INSURANCE),BACHELOR OF COMMERCE (BANKING AND INSURANCE)
1,26,122,How much of the syllabus was covered in the class?,1,1,8,6,10,3.88 / 77.69,FYBMS ,BACHELOR OF MANAGEMENT STUDIES
2,26,122,How well did the teachers prepare for the classes?,1,0,6,13,6,3.88 / 77.69,FYBMS ,BACHELOR OF MANAGEMENT STUDIES
3,26,122,How well were the teachers able to communicate?,0,3,3,8,12,4.12 / 82.31,FYBMS ,BACHELOR OF MANAGEMENT STUDIES
4,26,122,The teacher’s approach to teaching can best be described as,1,2,3,10,10,4.00 / 80.00,FYBMS ,BACHELOR OF MANAGEMENT STUDIES
5,26,122,Fairness of the internal evaluation process by the teachers.,1,2,3,8,12,4.08 / 81.54,FYBMS ,BACHELOR OF MANAGEMENT STUDIES
6,26,122,Was your performance in assignments discussed with you?,2,1,6,7,10,3.85 / 76.92,FYBMS ,BACHELOR OF MANAGEMENT STUDIES
7,26,122,"The institute takes an active interest in promoting internships, student exchange, field visit opportunities for students.",3,0,2,10,11,4.00 / 80.00,FYBMS ,BACHELOR OF MANAGEMENT STUDIES
8,26,122,"The teaching and mentoring process in your institution facilitates you in cognitive, social and
emotional growth.",0,3,2,10,11,4.12 / 82.31,FYBMS ,BACHELOR OF MANAGEMENT STUDIES
9,26,122,The institution provides multiple opportunities to learn and grow.,1,1,1,13,10,4.15 / 83.08,FYBMS ,BACHELOR OF MANAGEMENT STUDIES
10,26,122,"Teachers inform you about your expected competencies, course outcomes and program
outcomes.",0,3,2,9,12,4.15 / 83.08,FYBMS ,BACHELOR OF MANAGEMENT STUDIES
11,26,122,Your mentor does a necessary follow-up with an assigned task to you.,2,1,5,5,13,4.00 / 80.00,FYBMS ,BACHELOR OF MANAGEMENT STUDIES
12,26,122,The teachers illustrate the concepts through examples and applications.,2,1,3,7,13,4.08 / 81.54,FYBMS ,BACHELOR OF MANAGEMENT STUDIES
13,26,122,The teachers identify your strengths and encourage you to provide the proper level of challenges.,0,2,4,4,16,4.31 / 86.15,FYBMS ,BACHELOR OF MANAGEMENT STUDIES
14,26,122,Teachers are able to identify your weaknesses and help you to overcome them.,0,2,3,6,15,4.31 / 86.15,FYBMS ,BACHELOR OF MANAGEMENT STUDIES
15,26,122,"The institution makes effort to engage students in the monitoring, review and continuous quality improvement of the teaching-learning process.",0,1,4,7,14,4.31 / 86.15,FYBMS ,BACHELOR OF MANAGEMENT STUDIES
16,26,122,"The institute/ teachers use student-centric methods, such as experiential learning, participative learning and problem-solving methodologies for enhancing learning experiences.",1,3,6,3,13,3.92 / 78.46,FYBMS ,BACHELOR OF MANAGEMENT STUDIES
17,26,122,Teachers encourage you to participate in extracurricular activities.,0,2,5,5,14,4.19 / 83.85,FYBMS ,BACHELOR OF MANAGEMENT STUDIES
18,26,122,"Efforts are made by the institute/ teachers to inculcate soft skills, life skills and employability skills to make you ready for the world of work.",3,0,2,7,14,4.12 / 82.31,FYBMS ,BACHELOR OF MANAGEMENT STUDIES
19,26,122,"What percentage of teachers use ICT tools such as LCD projectors, Multimedia, etc. while teaching?",3,1,5,10,7,3.65 / 73.08,FYBMS ,BACHELOR OF MANAGEMENT STUDIES
20,26,122,The overall quality of the teaching-learning process in your institute is very good.,0,2,2,9,13,4.27 / 85.38,FYBMS ,BACHELOR OF MANAGEMENT STUDIES
1,12,175,How much of the syllabus was covered in the class?,0,1,3,4,4,3.92 / 78.33,FYBSC,BACHELOR OF SCIENCE
2,12,175,How well did the teachers prepare for the classes?,0,0,0,9,3,4.25 / 85.00,FYBSC,BACHELOR OF SCIENCE
3,12,175,How well were the teachers able to communicate?,0,0,0,4,8,4.67 / 93.33,FYBSC,BACHELOR OF SCIENCE
4,12,175,The teacher’s approach to teaching can best be described as,0,1,4,6,1,3.58 / 71.67,FYBSC,BACHELOR OF SCIENCE
5,12,175,Fairness of the internal evaluation process by the teachers.,0,2,1,1,8,4.25 / 85.00,FYBSC,BACHELOR OF SCIENCE
6,12,175,Was your performance in assignments discussed with you?,0,2,3,4,3,3.67 / 73.33,FYBSC,BACHELOR OF SCIENCE
7,12,175,"The institute takes an active interest in promoting internships, student exchange, field visit opportunities for students.",0,1,5,1,5,3.83 / 76.67,FYBSC,BACHELOR OF SCIENCE
8,12,175,"The teaching and mentoring process in your institution facilitates you in cognitive, social and
emotional growth.",1,1,2,6,2,3.58 / 71.67,FYBSC,BACHELOR OF SCIENCE
9,12,175,The institution provides multiple opportunities to learn and grow.,0,1,3,5,3,3.83 / 76.67,FYBSC,BACHELOR OF SCIENCE
10,12,175,"Teachers inform you about your expected competencies, course outcomes and program
outcomes.",0,1,1,4,6,4.25 / 85.00,FYBSC,BACHELOR OF SCIENCE
11,12,175,Your mentor does a necessary follow-up with an assigned task to you.,0,5,1,3,3,3.33 / 66.67,FYBSC,BACHELOR OF SCIENCE
12,12,175,The teachers illustrate the concepts through examples and applications.,0,3,1,3,5,3.83 / 76.67,FYBSC,BACHELOR OF SCIENCE
13,12,175,The teachers identify your strengths and encourage you to provide the proper level of challenges.,1,2,2,4,3,3.50 / 70.00,FYBSC,BACHELOR OF SCIENCE
14,12,175,Teachers are able to identify your weaknesses and help you to overcome them.,0,2,2,6,2,3.67 / 73.33,FYBSC,BACHELOR OF SCIENCE
15,12,175,"The institution makes effort to engage students in the monitoring, review and continuous quality improvement of the teaching-learning process.",1,1,1,7,2,3.67 / 73.33,FYBSC,BACHELOR OF SCIENCE
16,12,175,"The institute/ teachers use student-centric methods, such as experiential learning, participative learning and problem-solving methodologies for enhancing learning experiences.",0,0,3,7,2,3.92 / 78.33,FYBSC,BACHELOR OF SCIENCE
17,12,175,Teachers encourage you to participate in extracurricular activities.,0,0,2,6,4,4.17 / 83.33,FYBSC,BACHELOR OF SCIENCE
18,12,175,"Efforts are made by the institute/ teachers to inculcate soft skills, life skills and employability skills to make you ready for the world of work.",0,1,2,4,5,4.08 / 81.67,FYBSC,BACHELOR OF SCIENCE
19,12,175,"What percentage of teachers use ICT tools such as LCD projectors, Multimedia, etc. while teaching?",6,1,1,3,1,2.33 / 46.67,FYBSC,BACHELOR OF SCIENCE
20,12,175,The overall quality of the teaching-learning process in your institute is very good.,0,1,3,4,4,3.92 / 78.33,FYBSC,BACHELOR OF SCIENCE
1,5,15,How much of the syllabus was covered in the class?,0,0,2,3,0,3.60 / 72.00,MA PSYCHOLOGY - 1,MA PSYCHOLOGY
2,5,15,How well did the teachers prepare for the classes?,0,0,0,5,0,4.00 / 80.00,MA PSYCHOLOGY - 1,MA PSYCHOLOGY
3,5,15,How well were the teachers able to communicate?,0,0,1,4,0,3.80 / 76.00,MA PSYCHOLOGY - 1,MA PSYCHOLOGY
4,5,15,The teacher’s approach to teaching can best be described as,0,0,2,3,0,3.60 / 72.00,MA PSYCHOLOGY - 1,MA PSYCHOLOGY
5,5,15,Fairness of the internal evaluation process by the teachers.,0,0,0,3,2,4.40 / 88.00,MA PSYCHOLOGY - 1,MA PSYCHOLOGY
6,5,15,Was your performance in assignments discussed with you?,0,0,2,0,3,4.20 / 84.00,MA PSYCHOLOGY - 1,MA PSYCHOLOGY
7,5,15,"The institute takes an active interest in promoting internships, student exchange, field visit opportunities for students.",0,0,3,1,1,3.60 / 72.00,MA PSYCHOLOGY - 1,MA PSYCHOLOGY
8,5,15,"The teaching and mentoring process in your institution facilitates you in cognitive, social and
emotional growth.",0,0,3,1,1,3.60 / 72.00,MA PSYCHOLOGY - 1,MA PSYCHOLOGY
9,5,15,The institution provides multiple opportunities to learn and grow.,0,0,4,1,0,3.20 / 64.00,MA PSYCHOLOGY - 1,MA PSYCHOLOGY
10,5,15,"Teachers inform you about your expected competencies, course outcomes and program
outcomes.",0,0,0,3,2,4.40 / 88.00,MA PSYCHOLOGY - 1,MA PSYCHOLOGY
11,5,15,Your mentor does a necessary follow-up with an assigned task to you.,0,0,2,1,2,4.00 / 80.00,MA PSYCHOLOGY - 1,MA PSYCHOLOGY
12,5,15,The teachers illustrate the concepts through examples and applications.,0,0,1,2,2,4.20 / 84.00,MA PSYCHOLOGY - 1,MA PSYCHOLOGY
13,5,15,The teachers identify your strengths and encourage you to provide the proper level of challenges.,0,1,0,4,0,3.60 / 72.00,MA PSYCHOLOGY - 1,MA PSYCHOLOGY
14,5,15,Teachers are able to identify your weaknesses and help you to overcome them.,0,1,1,3,0,3.40 / 68.00,MA PSYCHOLOGY - 1,MA PSYCHOLOGY
15,5,15,"The institution makes effort to engage students in the monitoring, review and continuous quality improvement of the teaching-learning process.",0,0,3,2,0,3.40 / 68.00,MA PSYCHOLOGY - 1,MA PSYCHOLOGY
16,5,15,"The institute/ teachers use student-centric methods, such as experiential learning, participative learning and problem-solving methodologies for enhancing learning experiences.",0,0,1,4,0,3.80 / 76.00,MA PSYCHOLOGY - 1,MA PSYCHOLOGY
17,5,15,Teachers encourage you to participate in extracurricular activities.,0,0,0,5,0,4.00 / 80.00,MA PSYCHOLOGY - 1,MA PSYCHOLOGY
18,5,15,"Efforts are made by the institute/ teachers to inculcate soft skills, life skills and employability skills to make you ready for the world of work.",0,0,3,2,0,3.40 / 68.00,MA PSYCHOLOGY - 1,MA PSYCHOLOGY
19,5,15,"What percentage of teachers use ICT tools such as LCD projectors, Multimedia, etc. while teaching?",0,1,3,1,0,3.00 / 60.00,MA PSYCHOLOGY - 1,MA PSYCHOLOGY
20,5,15,The overall quality of the teaching-learning process in your institute is very good.,0,0,3,2,0,3.40 / 68.00,MA PSYCHOLOGY - 1,MA PSYCHOLOGY
1,7,20,How much of the syllabus was covered in the class?,0,3,1,2,1,3.14 / 62.86,MA PSYCHOLOGY - 3,MA PSYCHOLOGY
2,7,20,How well did the teachers prepare for the classes?,0,2,2,2,1,3.29 / 65.71,MA PSYCHOLOGY - 3,MA PSYCHOLOGY
3,7,20,How well were the teachers able to communicate?,0,1,3,1,2,3.57 / 71.43,MA PSYCHOLOGY - 3,MA PSYCHOLOGY
4,7,20,The teacher’s approach to teaching can best be described as,0,2,3,1,1,3.14 / 62.86,MA PSYCHOLOGY - 3,MA PSYCHOLOGY
5,7,20,Fairness of the internal evaluation process by the teachers.,0,0,0,4,3,4.43 / 88.57,MA PSYCHOLOGY - 3,MA PSYCHOLOGY
6,7,20,Was your performance in assignments discussed with you?,1,0,4,0,2,3.29 / 65.71,MA PSYCHOLOGY - 3,MA PSYCHOLOGY
7,7,20,"The institute takes an active interest in promoting internships, student exchange, field visit opportunities for students.",0,1,2,1,3,3.86 / 77.14,MA PSYCHOLOGY - 3,MA PSYCHOLOGY
8,7,20,"The teaching and mentoring process in your institution facilitates you in cognitive, social and
emotional growth.",1,1,2,0,3,3.43 / 68.57,MA PSYCHOLOGY - 3,MA PSYCHOLOGY
9,7,20,The institution provides multiple opportunities to learn and grow.,0,0,4,1,2,3.71 / 74.29,MA PSYCHOLOGY - 3,MA PSYCHOLOGY
10,7,20,"Teachers inform you about your expected competencies, course outcomes and program
outcomes.",1,0,2,3,1,3.43 / 68.57,MA PSYCHOLOGY - 3,MA PSYCHOLOGY
11,7,20,Your mentor does a necessary follow-up with an assigned task to you.,0,1,2,1,3,3.86 / 77.14,MA PSYCHOLOGY - 3,MA PSYCHOLOGY
12,7,20,The teachers illustrate the concepts through examples and applications.,0,0,2,2,3,4.14 / 82.86,MA PSYCHOLOGY - 3,MA PSYCHOLOGY
13,7,20,The teachers identify your strengths and encourage you to provide the proper level of challenges.,2,1,2,0,2,2.86 / 57.14,MA PSYCHOLOGY - 3,MA PSYCHOLOGY
14,7,20,Teachers are able to identify your weaknesses and help you to overcome them.,1,4,1,0,1,2.43 / 48.57,MA PSYCHOLOGY - 3,MA PSYCHOLOGY
15,7,20,"The institution makes effort to engage students in the monitoring, review and continuous quality improvement of the teaching-learning process.",0,0,3,3,1,3.71 / 74.29,MA PSYCHOLOGY - 3,MA PSYCHOLOGY
16,7,20,"The institute/ teachers use student-centric methods, such as experiential learning, participative learning and problem-solving methodologies for enhancing learning experiences.",0,1,2,2,2,3.71 / 74.29,MA PSYCHOLOGY - 3,MA PSYCHOLOGY
17,7,20,Teachers encourage you to participate in extracurricular activities.,0,0,4,2,1,3.57 / 71.43,MA PSYCHOLOGY - 3,MA PSYCHOLOGY
18,7,20,"Efforts are made by the institute/ teachers to inculcate soft skills, life skills and employability skills to make you ready for the world of work.",0,1,2,3,1,3.57 / 71.43,MA PSYCHOLOGY - 3,MA PSYCHOLOGY
19,7,20,"What percentage of teachers use ICT tools such as LCD projectors, Multimedia, etc. while teaching?",3,0,2,1,1,2.57 / 51.43,MA PSYCHOLOGY - 3,MA PSYCHOLOGY
20,7,20,The overall quality of the teaching-learning process in your institute is very good.,0,0,3,3,1,3.71 / 74.29,MA PSYCHOLOGY - 3,MA PSYCHOLOGY
1,4,24,How much of the syllabus was covered in the class?,0,0,1,1,2,4.25 / 85.00,M.SC PART - 1 COMPUTER SCIENCE,MSC COMPUTER SCIENCE
2,4,24,How well did the teachers prepare for the classes?,0,0,1,3,0,3.75 / 75.00,M.SC PART - 1 COMPUTER SCIENCE,MSC COMPUTER SCIENCE
3,4,24,How well were the teachers able to communicate?,0,0,1,3,0,3.75 / 75.00,M.SC PART - 1 COMPUTER SCIENCE,MSC COMPUTER SCIENCE
4,4,24,The teacher’s approach to teaching can best be described as,0,2,0,2,0,3.00 / 60.00,M.SC PART - 1 COMPUTER SCIENCE,MSC COMPUTER SCIENCE
5,4,24,Fairness of the internal evaluation process by the teachers.,0,0,1,3,0,3.75 / 75.00,M.SC PART - 1 COMPUTER SCIENCE,MSC COMPUTER SCIENCE
6,4,24,Was your performance in assignments discussed with you?,0,0,1,2,1,4.00 / 80.00,M.SC PART - 1 COMPUTER SCIENCE,MSC COMPUTER SCIENCE
7,4,24,"The institute takes an active interest in promoting internships, student exchange, field visit opportunities for students.",1,2,0,0,1,2.50 / 50.00,M.SC PART - 1 COMPUTER SCIENCE,MSC COMPUTER SCIENCE
8,4,24,"The teaching and mentoring process in your institution facilitates you in cognitive, social and
emotional growth.",1,1,0,2,0,2.75 / 55.00,M.SC PART - 1 COMPUTER SCIENCE,MSC COMPUTER SCIENCE
9,4,24,The institution provides multiple opportunities to learn and grow.,0,0,2,2,0,3.50 / 70.00,M.SC PART - 1 COMPUTER SCIENCE,MSC COMPUTER SCIENCE
10,4,24,"Teachers inform you about your expected competencies, course outcomes and program
outcomes.",0,1,2,1,0,3.00 / 60.00,M.SC PART - 1 COMPUTER SCIENCE,MSC COMPUTER SCIENCE
11,4,24,Your mentor does a necessary follow-up with an assigned task to you.,1,1,1,0,1,2.75 / 55.00,M.SC PART - 1 COMPUTER SCIENCE,MSC COMPUTER SCIENCE
12,4,24,The teachers illustrate the concepts through examples and applications.,0,0,1,2,1,4.00 / 80.00,M.SC PART - 1 COMPUTER SCIENCE,MSC COMPUTER SCIENCE
13,4,24,The teachers identify your strengths and encourage you to provide the proper level of challenges.,1,2,0,0,1,2.50 / 50.00,M.SC PART - 1 COMPUTER SCIENCE,MSC COMPUTER SCIENCE
14,4,24,Teachers are able to identify your weaknesses and help you to overcome them.,0,1,2,0,1,3.25 / 65.00,M.SC PART - 1 COMPUTER SCIENCE,MSC COMPUTER SCIENCE
15,4,24,"The institution makes effort to engage students in the monitoring, review and continuous quality improvement of the teaching-learning process.",0,1,2,0,1,3.25 / 65.00,M.SC PART - 1 COMPUTER SCIENCE,MSC COMPUTER SCIENCE
16,4,24,"The institute/ teachers use student-centric methods, such as experiential learning, participative learning and problem-solving methodologies for enhancing learning experiences.",0,0,2,1,1,3.75 / 75.00,M.SC PART - 1 COMPUTER SCIENCE,MSC COMPUTER SCIENCE
17,4,24,Teachers encourage you to participate in extracurricular activities.,0,0,1,2,1,4.00 / 80.00,M.SC PART - 1 COMPUTER SCIENCE,MSC COMPUTER SCIENCE
18,4,24,"Efforts are made by the institute/ teachers to inculcate soft skills, life skills and employability skills to make you ready for the world of work.",0,0,1,3,0,3.75 / 75.00,M.SC PART - 1 COMPUTER SCIENCE,MSC COMPUTER SCIENCE
19,4,24,"What percentage of teachers use ICT tools such as LCD projectors, Multimedia, etc. while teaching?",0,0,1,0,3,4.50 / 90.00,M.SC PART - 1 COMPUTER SCIENCE,MSC COMPUTER SCIENCE
20,4,24,The overall quality of the teaching-learning process in your institute is very good.,0,0,3,1,0,3.25 / 65.00,M.SC PART - 1 COMPUTER SCIENCE,MSC COMPUTER SCIENCE
1,2,42,How much of the syllabus was covered in the class?,0,0,0,0,2,5.00 / 100.00,MSC ANALYTICAL CHEMISTRY SEM I,MSC ANALYTICAL CHEMISTRY
2,2,42,How well did the teachers prepare for the classes?,0,0,0,0,2,5.00 / 100.00,MSC ANALYTICAL CHEMISTRY SEM I,MSC ANALYTICAL CHEMISTRY
3,2,42,How well were the teachers able to communicate?,0,0,0,0,2,5.00 / 100.00,MSC ANALYTICAL CHEMISTRY SEM I,MSC ANALYTICAL CHEMISTRY
4,2,42,The teacher’s approach to teaching can best be described as,0,0,1,0,1,4.00 / 80.00,MSC ANALYTICAL CHEMISTRY SEM I,MSC ANALYTICAL CHEMISTRY
5,2,42,Fairness of the internal evaluation process by the teachers.,0,0,0,1,1,4.50 / 90.00,MSC ANALYTICAL CHEMISTRY SEM I,MSC ANALYTICAL CHEMISTRY
6,2,42,Was your performance in assignments discussed with you?,0,0,0,1,1,4.50 / 90.00,MSC ANALYTICAL CHEMISTRY SEM I,MSC ANALYTICAL CHEMISTRY
7,2,42,"The institute takes an active interest in promoting internships, student exchange, field visit opportunities for students.",0,0,1,0,1,4.00 / 80.00,MSC ANALYTICAL CHEMISTRY SEM I,MSC ANALYTICAL CHEMISTRY
8,2,42,"The teaching and mentoring process in your institution facilitates you in cognitive, social and
emotional growth.",0,0,0,1,1,4.50 / 90.00,MSC ANALYTICAL CHEMISTRY SEM I,MSC ANALYTICAL CHEMISTRY
9,2,42,The institution provides multiple opportunities to learn and grow.,0,0,1,1,0,3.50 / 70.00,MSC ANALYTICAL CHEMISTRY SEM I,MSC ANALYTICAL CHEMISTRY
10,2,42,"Teachers inform you about your expected competencies, course outcomes and program
outcomes.",0,0,0,1,1,4.50 / 90.00,MSC ANALYTICAL CHEMISTRY SEM I,MSC ANALYTICAL CHEMISTRY
11,2,42,Your mentor does a necessary follow-up with an assigned task to you.,0,0,0,0,2,5.00 / 100.00,MSC ANALYTICAL CHEMISTRY SEM I,MSC ANALYTICAL CHEMISTRY
12,2,42,The teachers illustrate the concepts through examples and applications.,0,0,0,0,2,5.00 / 100.00,MSC ANALYTICAL CHEMISTRY SEM I,MSC ANALYTICAL CHEMISTRY
13,2,42,The teachers identify your strengths and encourage you to provide the proper level of challenges.,0,0,0,0,2,5.00 / 100.00,MSC ANALYTICAL CHEMISTRY SEM I,MSC ANALYTICAL CHEMISTRY
14,2,42,Teachers are able to identify your weaknesses and help you to overcome them.,0,0,1,0,1,4.00 / 80.00,MSC ANALYTICAL CHEMISTRY SEM I,MSC ANALYTICAL CHEMISTRY
15,2,42,"The institution makes effort to engage students in the monitoring, review and continuous quality improvement of the teaching-learning process.",0,0,0,1,1,4.50 / 90.00,MSC ANALYTICAL CHEMISTRY SEM I,MSC ANALYTICAL CHEMISTRY
16,2,42,"The institute/ teachers use student-centric methods, such as experiential learning, participative learning and problem-solving methodologies for enhancing learning experiences.",0,0,0,0,2,5.00 / 100.00,MSC ANALYTICAL CHEMISTRY SEM I,MSC ANALYTICAL CHEMISTRY
17,2,42,Teachers encourage you to participate in extracurricular activities.,0,0,0,1,1,4.50 / 90.00,MSC ANALYTICAL CHEMISTRY SEM I,MSC ANALYTICAL CHEMISTRY
18,2,42,"Efforts are made by the institute/ teachers to inculcate soft skills, life skills and employability skills to make you ready for the world of work.",0,0,0,0,2,5.00 / 100.00,MSC ANALYTICAL CHEMISTRY SEM I,MSC ANALYTICAL CHEMISTRY
19,2,42,"What percentage of teachers use ICT tools such as LCD projectors, Multimedia, etc. while teaching?",0,0,1,1,0,3.50 / 70.00,MSC ANALYTICAL CHEMISTRY SEM I,MSC ANALYTICAL CHEMISTRY
20,2,42,The overall quality of the teaching-learning process in your institute is very good.,0,0,0,1,1,4.50 / 90.00,MSC ANALYTICAL CHEMISTRY SEM I,MSC ANALYTICAL CHEMISTRY
1,3,20,How much of the syllabus was covered in the class?,0,1,1,1,0,3.00 / 60.00,MSC DATA SCIENCE - 1,MSC DATA SCIENCE
2,3,20,How well did the teachers prepare for the classes?,0,0,1,2,0,3.67 / 73.33,MSC DATA SCIENCE - 1,MSC DATA SCIENCE
3,3,20,How well were the teachers able to communicate?,0,1,0,2,0,3.33 / 66.67,MSC DATA SCIENCE - 1,MSC DATA SCIENCE
4,3,20,The teacher’s approach to teaching can best be described as,0,1,1,1,0,3.00 / 60.00,MSC DATA SCIENCE - 1,MSC DATA SCIENCE
5,3,20,Fairness of the internal evaluation process by the teachers.,0,0,1,2,0,3.67 / 73.33,MSC DATA SCIENCE - 1,MSC DATA SCIENCE
6,3,20,Was your performance in assignments discussed with you?,0,1,2,0,0,2.67 / 53.33,MSC DATA SCIENCE - 1,MSC DATA SCIENCE
7,3,20,"The institute takes an active interest in promoting internships, student exchange, field visit opportunities for students.",0,1,2,0,0,2.67 / 53.33,MSC DATA SCIENCE - 1,MSC DATA SCIENCE
8,3,20,"The teaching and mentoring process in your institution facilitates you in cognitive, social and
emotional growth.",2,1,0,0,0,1.33 / 26.67,MSC DATA SCIENCE - 1,MSC DATA SCIENCE
9,3,20,The institution provides multiple opportunities to learn and grow.,0,1,2,0,0,2.67 / 53.33,MSC DATA SCIENCE - 1,MSC DATA SCIENCE
10,3,20,"Teachers inform you about your expected competencies, course outcomes and program
outcomes.",0,1,0,2,0,3.33 / 66.67,MSC DATA SCIENCE - 1,MSC DATA SCIENCE
11,3,20,Your mentor does a necessary follow-up with an assigned task to you.,1,0,2,0,0,2.33 / 46.67,MSC DATA SCIENCE - 1,MSC DATA SCIENCE
12,3,20,The teachers illustrate the concepts through examples and applications.,1,2,0,0,0,1.67 / 33.33,MSC DATA SCIENCE - 1,MSC DATA SCIENCE
13,3,20,The teachers identify your strengths and encourage you to provide the proper level of challenges.,2,1,0,0,0,1.33 / 26.67,MSC DATA SCIENCE - 1,MSC DATA SCIENCE
14,3,20,Teachers are able to identify your weaknesses and help you to overcome them.,0,1,2,0,0,2.67 / 53.33,MSC DATA SCIENCE - 1,MSC DATA SCIENCE
15,3,20,"The institution makes effort to engage students in the monitoring, review and continuous quality improvement of the teaching-learning process.",0,2,0,1,0,2.67 / 53.33,MSC DATA SCIENCE - 1,MSC DATA SCIENCE
16,3,20,"The institute/ teachers use student-centric methods, such as experiential learning, participative learning and problem-solving methodologies for enhancing learning experiences.",0,2,0,1,0,2.67 / 53.33,MSC DATA SCIENCE - 1,MSC DATA SCIENCE
17,3,20,Teachers encourage you to participate in extracurricular activities.,0,0,3,0,0,3.00 / 60.00,MSC DATA SCIENCE - 1,MSC DATA SCIENCE
18,3,20,"Efforts are made by the institute/ teachers to inculcate soft skills, life skills and employability skills to make you ready for the world of work.",0,1,1,1,0,3.00 / 60.00,MSC DATA SCIENCE - 1,MSC DATA SCIENCE
19,3,20,"What percentage of teachers use ICT tools such as LCD projectors, Multimedia, etc. while teaching?",0,0,1,2,0,3.67 / 73.33,MSC DATA SCIENCE - 1,MSC DATA SCIENCE
20,3,20,The overall quality of the teaching-learning process in your institute is very good.,1,0,2,0,0,2.33 / 46.67,MSC DATA SCIENCE - 1,MSC DATA SCIENCE
1,1,21,How much of the syllabus was covered in the class?,0,0,0,0,1,5.00 / 100.00,MSC INFORMATION TECHNOLOGY - 1,MSC INFORMATION TECHNOLOGY
2,1,21,How well did the teachers prepare for the classes?,0,0,0,1,0,4.00 / 80.00,MSC INFORMATION TECHNOLOGY - 1,MSC INFORMATION TECHNOLOGY
3,1,21,How well were the teachers able to communicate?,0,0,0,0,1,5.00 / 100.00,MSC INFORMATION TECHNOLOGY - 1,MSC INFORMATION TECHNOLOGY
4,1,21,The teacher’s approach to teaching can best be described as,0,0,0,0,1,5.00 / 100.00,MSC INFORMATION TECHNOLOGY - 1,MSC INFORMATION TECHNOLOGY
5,1,21,Fairness of the internal evaluation process by the teachers.,0,0,0,0,1,5.00 / 100.00,MSC INFORMATION TECHNOLOGY - 1,MSC INFORMATION TECHNOLOGY
6,1,21,Was your performance in assignments discussed with you?,0,0,0,0,1,5.00 / 100.00,MSC INFORMATION TECHNOLOGY - 1,MSC INFORMATION TECHNOLOGY
7,1,21,"The institute takes an active interest in promoting internships, student exchange, field visit opportunities for students.",0,0,0,0,1,5.00 / 100.00,MSC INFORMATION TECHNOLOGY - 1,MSC INFORMATION TECHNOLOGY
8,1,21,"The teaching and mentoring process in your institution facilitates you in cognitive, social and
emotional growth.",0,0,0,1,0,4.00 / 80.00,MSC INFORMATION TECHNOLOGY - 1,MSC INFORMATION TECHNOLOGY
9,1,21,The institution provides multiple opportunities to learn and grow.,0,0,0,0,1,5.00 / 100.00,MSC INFORMATION TECHNOLOGY - 1,MSC INFORMATION TECHNOLOGY
10,1,21,"Teachers inform you about your expected competencies, course outcomes and program
outcomes.",0,0,0,0,1,5.00 / 100.00,MSC INFORMATION TECHNOLOGY - 1,MSC INFORMATION TECHNOLOGY
11,1,21,Your mentor does a necessary follow-up with an assigned task to you.,0,0,0,1,0,4.00 / 80.00,MSC INFORMATION TECHNOLOGY - 1,MSC INFORMATION TECHNOLOGY
12,1,21,The teachers illustrate the concepts through examples and applications.,0,0,0,0,1,5.00 / 100.00,MSC INFORMATION TECHNOLOGY - 1,MSC INFORMATION TECHNOLOGY
13,1,21,The teachers identify your strengths and encourage you to provide the proper level of challenges.,0,0,0,1,0,4.00 / 80.00,MSC INFORMATION TECHNOLOGY - 1,MSC INFORMATION TECHNOLOGY
14,1,21,Teachers are able to identify your weaknesses and help you to overcome them.,0,0,0,1,0,4.00 / 80.00,MSC INFORMATION TECHNOLOGY - 1,MSC INFORMATION TECHNOLOGY
15,1,21,"The institution makes effort to engage students in the monitoring, review and continuous quality improvement of the teaching-learning process.",0,0,0,1,0,4.00 / 80.00,MSC INFORMATION TECHNOLOGY - 1,MSC INFORMATION TECHNOLOGY
16,1,21,"The institute/ teachers use student-centric methods, such as experiential learning, participative learning and problem-solving methodologies for enhancing learning experiences.",0,0,0,1,0,4.00 / 80.00,MSC INFORMATION TECHNOLOGY - 1,MSC INFORMATION TECHNOLOGY
17,1,21,Teachers encourage you to participate in extracurricular activities.,0,0,0,1,0,4.00 / 80.00,MSC INFORMATION TECHNOLOGY - 1,MSC INFORMATION TECHNOLOGY
18,1,21,"Efforts are made by the institute/ teachers to inculcate soft skills, life skills and employability skills to make you ready for the world of work.",0,0,0,0,1,5.00 / 100.00,MSC INFORMATION TECHNOLOGY - 1,MSC INFORMATION TECHNOLOGY
19,1,21,"What percentage of teachers use ICT tools such as LCD projectors, Multimedia, etc. while teaching?",0,0,0,1,0,4.00 / 80.00,MSC INFORMATION TECHNOLOGY - 1,MSC INFORMATION TECHNOLOGY
20,1,21,The overall quality of the teaching-learning process in your institute is very good.,0,0,0,1,0,4.00 / 80.00,MSC INFORMATION TECHNOLOGY - 1,MSC INFORMATION TECHNOLOGY
1,3,24,How much of the syllabus was covered in the class?,0,0,2,0,1,3.67 / 73.33,MSC MICROBIOLOGY - 1,MSC MICROBIOLOGY
2,3,24,How well did the teachers prepare for the classes?,0,0,1,2,0,3.67 / 73.33,MSC MICROBIOLOGY - 1,MSC MICROBIOLOGY
3,3,24,How well were the teachers able to communicate?,0,0,0,2,1,4.33 / 86.67,MSC MICROBIOLOGY - 1,MSC MICROBIOLOGY
4,3,24,The teacher’s approach to teaching can best be described as,1,0,1,0,1,3.00 / 60.00,MSC MICROBIOLOGY - 1,MSC MICROBIOLOGY
5,3,24,Fairness of the internal evaluation process by the teachers.,0,1,0,1,1,3.67 / 73.33,MSC MICROBIOLOGY - 1,MSC MICROBIOLOGY
6,3,24,Was your performance in assignments discussed with you?,0,1,1,0,1,3.33 / 66.67,MSC MICROBIOLOGY - 1,MSC MICROBIOLOGY
7,3,24,"The institute takes an active interest in promoting internships, student exchange, field visit opportunities for students.",0,0,2,0,1,3.67 / 73.33,MSC MICROBIOLOGY - 1,MSC MICROBIOLOGY
8,3,24,"The teaching and mentoring process in your institution facilitates you in cognitive, social and
emotional growth.",1,0,0,2,0,3.00 / 60.00,MSC MICROBIOLOGY - 1,MSC MICROBIOLOGY
9,3,24,The institution provides multiple opportunities to learn and grow.,1,0,1,0,1,3.00 / 60.00,MSC MICROBIOLOGY - 1,MSC MICROBIOLOGY
10,3,24,"Teachers inform you about your expected competencies, course outcomes and program
outcomes.",1,0,0,1,1,3.33 / 66.67,MSC MICROBIOLOGY - 1,MSC MICROBIOLOGY
11,3,24,Your mentor does a necessary follow-up with an assigned task to you.,1,0,0,2,0,3.00 / 60.00,MSC MICROBIOLOGY - 1,MSC MICROBIOLOGY
12,3,24,The teachers illustrate the concepts through examples and applications.,0,2,0,0,1,3.00 / 60.00,MSC MICROBIOLOGY - 1,MSC MICROBIOLOGY
13,3,24,The teachers identify your strengths and encourage you to provide the proper level of challenges.,1,0,1,0,1,3.00 / 60.00,MSC MICROBIOLOGY - 1,MSC MICROBIOLOGY
14,3,24,Teachers are able to identify your weaknesses and help you to overcome them.,0,1,0,1,1,3.67 / 73.33,MSC MICROBIOLOGY - 1,MSC MICROBIOLOGY
15,3,24,"The institution makes effort to engage students in the monitoring, review and continuous quality improvement of the teaching-learning process.",1,0,1,0,1,3.00 / 60.00,MSC MICROBIOLOGY - 1,MSC MICROBIOLOGY
16,3,24,"The institute/ teachers use student-centric methods, such as experiential learning, participative learning and problem-solving methodologies for enhancing learning experiences.",1,0,0,1,1,3.33 / 66.67,MSC MICROBIOLOGY - 1,MSC MICROBIOLOGY
17,3,24,Teachers encourage you to participate in extracurricular activities.,1,0,1,0,1,3.00 / 60.00,MSC MICROBIOLOGY - 1,MSC MICROBIOLOGY
18,3,24,"Efforts are made by the institute/ teachers to inculcate soft skills, life skills and employability skills to make you ready for the world of work.",0,1,0,1,1,3.67 / 73.33,MSC MICROBIOLOGY - 1,MSC MICROBIOLOGY
19,3,24,"What percentage of teachers use ICT tools such as LCD projectors, Multimedia, etc. while teaching?",0,1,1,0,1,3.33 / 66.67,MSC MICROBIOLOGY - 1,MSC MICROBIOLOGY
20,3,24,The overall quality of the teaching-learning process in your institute is very good.,0,0,1,1,1,4.00 / 80.00,MSC MICROBIOLOGY - 1,MSC MICROBIOLOGY
1,14,44,How much of the syllabus was covered in the class?,0,1,3,7,3,3.86 / 77.14,MSC ANALYTICAL CHEMISTRY SEM III,MSC ANALYTICAL CHEMISTRY
2,14,44,How well did the teachers prepare for the classes?,1,1,3,7,2,3.57 / 71.43,MSC ANALYTICAL CHEMISTRY SEM III,MSC ANALYTICAL CHEMISTRY
3,14,44,How well were the teachers able to communicate?,1,3,2,5,3,3.43 / 68.57,MSC ANALYTICAL CHEMISTRY SEM III,MSC ANALYTICAL CHEMISTRY
4,14,44,The teacher’s approach to teaching can best be described as,1,4,4,3,2,3.07 / 61.43,MSC ANALYTICAL CHEMISTRY SEM III,MSC ANALYTICAL CHEMISTRY
5,14,44,Fairness of the internal evaluation process by the teachers.,0,0,4,5,5,4.07 / 81.43,MSC ANALYTICAL CHEMISTRY SEM III,MSC ANALYTICAL CHEMISTRY
6,14,44,Was your performance in assignments discussed with you?,1,2,4,4,3,3.43 / 68.57,MSC ANALYTICAL CHEMISTRY SEM III,MSC ANALYTICAL CHEMISTRY
7,14,44,"The institute takes an active interest in promoting internships, student exchange, field visit opportunities for students.",1,3,4,2,4,3.36 / 67.14,MSC ANALYTICAL CHEMISTRY SEM III,MSC ANALYTICAL CHEMISTRY
8,14,44,"The teaching and mentoring process in your institution facilitates you in cognitive, social and
emotional growth.",0,1,5,5,3,3.71 / 74.29,MSC ANALYTICAL CHEMISTRY SEM III,MSC ANALYTICAL CHEMISTRY
9,14,44,The institution provides multiple opportunities to learn and grow.,0,1,4,7,2,3.71 / 74.29,MSC ANALYTICAL CHEMISTRY SEM III,MSC ANALYTICAL CHEMISTRY
10,14,44,"Teachers inform you about your expected competencies, course outcomes and program
outcomes.",0,3,3,4,4,3.64 / 72.86,MSC ANALYTICAL CHEMISTRY SEM III,MSC ANALYTICAL CHEMISTRY
11,14,44,Your mentor does a necessary follow-up with an assigned task to you.,1,1,2,7,3,3.71 / 74.29,MSC ANALYTICAL CHEMISTRY SEM III,MSC ANALYTICAL CHEMISTRY
12,14,44,The teachers illustrate the concepts through examples and applications.,1,3,1,4,5,3.64 / 72.86,MSC ANALYTICAL CHEMISTRY SEM III,MSC ANALYTICAL CHEMISTRY
13,14,44,The teachers identify your strengths and encourage you to provide the proper level of challenges.,2,4,3,1,4,3.07 / 61.43,MSC ANALYTICAL CHEMISTRY SEM III,MSC ANALYTICAL CHEMISTRY
14,14,44,Teachers are able to identify your weaknesses and help you to overcome them.,2,3,1,5,3,3.29 / 65.71,MSC ANALYTICAL CHEMISTRY SEM III,MSC ANALYTICAL CHEMISTRY
15,14,44,"The institution makes effort to engage students in the monitoring, review and continuous quality improvement of the teaching-learning process.",0,2,3,5,4,3.79 / 75.71,MSC ANALYTICAL CHEMISTRY SEM III,MSC ANALYTICAL CHEMISTRY
16,14,44,"The institute/ teachers use student-centric methods, such as experiential learning, participative learning and problem-solving methodologies for enhancing learning experiences.",1,2,1,5,5,3.79 / 75.71,MSC ANALYTICAL CHEMISTRY SEM III,MSC ANALYTICAL CHEMISTRY
17,14,44,Teachers encourage you to participate in extracurricular activities.,0,3,4,4,3,3.50 / 70.00,MSC ANALYTICAL CHEMISTRY SEM III,MSC ANALYTICAL CHEMISTRY
18,14,44,"Efforts are made by the institute/ teachers to inculcate soft skills, life skills and employability skills to make you ready for the world of work.",0,2,5,3,4,3.64 / 72.86,MSC ANALYTICAL CHEMISTRY SEM III,MSC ANALYTICAL CHEMISTRY
19,14,44,"What percentage of teachers use ICT tools such as LCD projectors, Multimedia, etc. while teaching?",0,4,5,3,2,3.21 / 64.29,MSC ANALYTICAL CHEMISTRY SEM III,MSC ANALYTICAL CHEMISTRY
20,14,44,The overall quality of the teaching-learning process in your institute is very good.,1,2,4,5,2,3.36 / 67.14,MSC ANALYTICAL CHEMISTRY SEM III,MSC ANALYTICAL CHEMISTRY
1,7,20,How much of the syllabus was covered in the class?,0,0,1,1,5,4.57 / 91.43,M.SC PART - 2 COMPUTER SCIENCE,MSC COMPUTER SCIENCE
2,7,20,How well did the teachers prepare for the classes?,0,0,0,5,2,4.29 / 85.71,M.SC PART - 2 COMPUTER SCIENCE,MSC COMPUTER SCIENCE
3,7,20,How well were the teachers able to communicate?,0,0,0,2,5,4.71 / 94.29,M.SC PART - 2 COMPUTER SCIENCE,MSC COMPUTER SCIENCE
4,7,20,The teacher’s approach to teaching can best be described as,0,0,1,3,3,4.29 / 85.71,M.SC PART - 2 COMPUTER SCIENCE,MSC COMPUTER SCIENCE
5,7,20,Fairness of the internal evaluation process by the teachers.,0,0,0,1,6,4.86 / 97.14,M.SC PART - 2 COMPUTER SCIENCE,MSC COMPUTER SCIENCE
6,7,20,Was your performance in assignments discussed with you?,0,0,0,3,4,4.57 / 91.43,M.SC PART - 2 COMPUTER SCIENCE,MSC COMPUTER SCIENCE
7,7,20,"The institute takes an active interest in promoting internships, student exchange, field visit opportunities for students.",0,0,2,3,2,4.00 / 80.00,M.SC PART - 2 COMPUTER SCIENCE,MSC COMPUTER SCIENCE
8,7,20,"The teaching and mentoring process in your institution facilitates you in cognitive, social and
emotional growth.",0,0,0,6,1,4.14 / 82.86,M.SC PART - 2 COMPUTER SCIENCE,MSC COMPUTER SCIENCE
9,7,20,The institution provides multiple opportunities to learn and grow.,0,0,4,3,0,3.43 / 68.57,M.SC PART - 2 COMPUTER SCIENCE,MSC COMPUTER SCIENCE
10,7,20,"Teachers inform you about your expected competencies, course outcomes and program
outcomes.",0,0,1,5,1,4.00 / 80.00,M.SC PART - 2 COMPUTER SCIENCE,MSC COMPUTER SCIENCE
11,7,20,Your mentor does a necessary follow-up with an assigned task to you.,0,0,1,2,4,4.43 / 88.57,M.SC PART - 2 COMPUTER SCIENCE,MSC COMPUTER SCIENCE
12,7,20,The teachers illustrate the concepts through examples and applications.,0,0,1,1,5,4.57 / 91.43,M.SC PART - 2 COMPUTER SCIENCE,MSC COMPUTER SCIENCE
13,7,20,The teachers identify your strengths and encourage you to provide the proper level of challenges.,0,2,1,1,3,3.71 / 74.29,M.SC PART - 2 COMPUTER SCIENCE,MSC COMPUTER SCIENCE
14,7,20,Teachers are able to identify your weaknesses and help you to overcome them.,0,0,2,3,2,4.00 / 80.00,M.SC PART - 2 COMPUTER SCIENCE,MSC COMPUTER SCIENCE
15,7,20,"The institution makes effort to engage students in the monitoring, review and continuous quality improvement of the teaching-learning process.",0,0,1,3,3,4.29 / 85.71,M.SC PART - 2 COMPUTER SCIENCE,MSC COMPUTER SCIENCE
16,7,20,"The institute/ teachers use student-centric methods, such as experiential learning, participative learning and problem-solving methodologies for enhancing learning experiences.",0,0,0,4,3,4.43 / 88.57,M.SC PART - 2 COMPUTER SCIENCE,MSC COMPUTER SCIENCE
17,7,20,Teachers encourage you to participate in extracurricular activities.,1,1,0,3,2,3.57 / 71.43,M.SC PART - 2 COMPUTER SCIENCE,MSC COMPUTER SCIENCE
18,7,20,"Efforts are made by the institute/ teachers to inculcate soft skills, life skills and employability skills to make you ready for the world of work.",0,0,0,6,1,4.14 / 82.86,M.SC PART - 2 COMPUTER SCIENCE,MSC COMPUTER SCIENCE
19,7,20,"What percentage of teachers use ICT tools such as LCD projectors, Multimedia, etc. while teaching?",0,0,0,3,4,4.57 / 91.43,M.SC PART - 2 COMPUTER SCIENCE,MSC COMPUTER SCIENCE
20,7,20,The overall quality of the teaching-learning process in your institute is very good.,0,0,1,5,1,4.00 / 80.00,M.SC PART - 2 COMPUTER SCIENCE,MSC COMPUTER SCIENCE
1,3,14,How much of the syllabus was covered in the class?,0,0,1,2,0,3.67 / 73.33,MSC DATA SCIENCE - 3,MSC DATA SCIENCE
2,3,14,How well did the teachers prepare for the classes?,0,0,1,2,0,3.67 / 73.33,MSC DATA SCIENCE - 3,MSC DATA SCIENCE
3,3,14,How well were the teachers able to communicate?,0,0,3,0,0,3.00 / 60.00,MSC DATA SCIENCE - 3,MSC DATA SCIENCE
4,3,14,The teacher’s approach to teaching can best be described as,0,1,2,0,0,2.67 / 53.33,MSC DATA SCIENCE - 3,MSC DATA SCIENCE
5,3,14,Fairness of the internal evaluation process by the teachers.,0,0,0,3,0,4.00 / 80.00,MSC DATA SCIENCE - 3,MSC DATA SCIENCE
6,3,14,Was your performance in assignments discussed with you?,0,0,0,3,0,4.00 / 80.00,MSC DATA SCIENCE - 3,MSC DATA SCIENCE
7,3,14,"The institute takes an active interest in promoting internships, student exchange, field visit opportunities for students.",1,1,1,0,0,2.00 / 40.00,MSC DATA SCIENCE - 3,MSC DATA SCIENCE
8,3,14,"The teaching and mentoring process in your institution facilitates you in cognitive, social and
emotional growth.",0,0,2,1,0,3.33 / 66.67,MSC DATA SCIENCE - 3,MSC DATA SCIENCE
9,3,14,The institution provides multiple opportunities to learn and grow.,0,0,2,1,0,3.33 / 66.67,MSC DATA SCIENCE - 3,MSC DATA SCIENCE
10,3,14,"Teachers inform you about your expected competencies, course outcomes and program
outcomes.",0,0,0,3,0,4.00 / 80.00,MSC DATA SCIENCE - 3,MSC DATA SCIENCE
11,3,14,Your mentor does a necessary follow-up with an assigned task to you.,0,0,1,2,0,3.67 / 73.33,MSC DATA SCIENCE - 3,MSC DATA SCIENCE
12,3,14,The teachers illustrate the concepts through examples and applications.,0,0,1,2,0,3.67 / 73.33,MSC DATA SCIENCE - 3,MSC DATA SCIENCE
13,3,14,The teachers identify your strengths and encourage you to provide the proper level of challenges.,0,3,0,0,0,2.00 / 40.00,MSC DATA SCIENCE - 3,MSC DATA SCIENCE
14,3,14,Teachers are able to identify your weaknesses and help you to overcome them.,0,1,1,1,0,3.00 / 60.00,MSC DATA SCIENCE - 3,MSC DATA SCIENCE
15,3,14,"The institution makes effort to engage students in the monitoring, review and continuous quality improvement of the teaching-learning process.",0,0,2,1,0,3.33 / 66.67,MSC DATA SCIENCE - 3,MSC DATA SCIENCE
16,3,14,"The institute/ teachers use student-centric methods, such as experiential learning, participative learning and problem-solving methodologies for enhancing learning experiences.",0,0,1,2,0,3.67 / 73.33,MSC DATA SCIENCE - 3,MSC DATA SCIENCE
17,3,14,Teachers encourage you to participate in extracurricular activities.,0,0,1,2,0,3.67 / 73.33,MSC DATA SCIENCE - 3,MSC DATA SCIENCE
18,3,14,"Efforts are made by the institute/ teachers to inculcate soft skills, life skills and employability skills to make you ready for the world of work.",0,1,1,1,0,3.00 / 60.00,MSC DATA SCIENCE - 3,MSC DATA SCIENCE
19,3,14,"What percentage of teachers use ICT tools such as LCD projectors, Multimedia, etc. while teaching?",0,0,0,2,1,4.33 / 86.67,MSC DATA SCIENCE - 3,MSC DATA SCIENCE
20,3,14,The overall quality of the teaching-learning process in your institute is very good.,0,0,2,1,0,3.33 / 66.67,MSC DATA SCIENCE - 3,MSC DATA SCIENCE
1,6,20,How much of the syllabus was covered in the class?,0,0,1,0,5,4.67 / 93.33,MSC INFORMATION TECHNOLOGY - 3,MSC INFORMATION TECHNOLOGY
2,6,20,How well did the teachers prepare for the classes?,0,0,0,3,3,4.50 / 90.00,MSC INFORMATION TECHNOLOGY - 3,MSC INFORMATION TECHNOLOGY
3,6,20,How well were the teachers able to communicate?,0,1,1,0,4,4.17 / 83.33,MSC INFORMATION TECHNOLOGY - 3,MSC INFORMATION TECHNOLOGY
4,6,20,The teacher’s approach to teaching can best be described as,0,0,2,1,3,4.17 / 83.33,MSC INFORMATION TECHNOLOGY - 3,MSC INFORMATION TECHNOLOGY
5,6,20,Fairness of the internal evaluation process by the teachers.,0,0,1,1,4,4.50 / 90.00,MSC INFORMATION TECHNOLOGY - 3,MSC INFORMATION TECHNOLOGY
6,6,20,Was your performance in assignments discussed with you?,0,1,0,3,2,4.00 / 80.00,MSC INFORMATION TECHNOLOGY - 3,MSC INFORMATION TECHNOLOGY
7,6,20,"The institute takes an active interest in promoting internships, student exchange, field visit opportunities for students.",1,0,2,1,2,3.50 / 70.00,MSC INFORMATION TECHNOLOGY - 3,MSC INFORMATION TECHNOLOGY
8,6,20,"The teaching and mentoring process in your institution facilitates you in cognitive, social and
emotional growth.",2,1,0,1,2,3.00 / 60.00,MSC INFORMATION TECHNOLOGY - 3,MSC INFORMATION TECHNOLOGY
9,6,20,The institution provides multiple opportunities to learn and grow.,0,0,1,3,2,4.17 / 83.33,MSC INFORMATION TECHNOLOGY - 3,MSC INFORMATION TECHNOLOGY
10,6,20,"Teachers inform you about your expected competencies, course outcomes and program
outcomes.",0,0,0,3,3,4.50 / 90.00,MSC INFORMATION TECHNOLOGY - 3,MSC INFORMATION TECHNOLOGY
11,6,20,Your mentor does a necessary follow-up with an assigned task to you.,1,0,1,3,1,3.50 / 70.00,MSC INFORMATION TECHNOLOGY - 3,MSC INFORMATION TECHNOLOGY
12,6,20,The teachers illustrate the concepts through examples and applications.,0,0,0,3,3,4.50 / 90.00,MSC INFORMATION TECHNOLOGY - 3,MSC INFORMATION TECHNOLOGY
13,6,20,The teachers identify your strengths and encourage you to provide the proper level of challenges.,0,0,0,2,4,4.67 / 93.33,MSC INFORMATION TECHNOLOGY - 3,MSC INFORMATION TECHNOLOGY
14,6,20,Teachers are able to identify your weaknesses and help you to overcome them.,0,0,2,1,3,4.17 / 83.33,MSC INFORMATION TECHNOLOGY - 3,MSC INFORMATION TECHNOLOGY
15,6,20,"The institution makes effort to engage students in the monitoring, review and continuous quality improvement of the teaching-learning process.",0,0,0,4,2,4.33 / 86.67,MSC INFORMATION TECHNOLOGY - 3,MSC INFORMATION TECHNOLOGY
16,6,20,"The institute/ teachers use student-centric methods, such as experiential learning, participative learning and problem-solving methodologies for enhancing learning experiences.",0,0,1,3,2,4.17 / 83.33,MSC INFORMATION TECHNOLOGY - 3,MSC INFORMATION TECHNOLOGY
17,6,20,Teachers encourage you to participate in extracurricular activities.,0,0,0,4,2,4.33 / 86.67,MSC INFORMATION TECHNOLOGY - 3,MSC INFORMATION TECHNOLOGY
18,6,20,"Efforts are made by the institute/ teachers to inculcate soft skills, life skills and employability skills to make you ready for the world of work.",0,0,1,1,4,4.50 / 90.00,MSC INFORMATION TECHNOLOGY - 3,MSC INFORMATION TECHNOLOGY
19,6,20,"What percentage of teachers use ICT tools such as LCD projectors, Multimedia, etc. while teaching?",0,0,0,3,3,4.50 / 90.00,MSC INFORMATION TECHNOLOGY - 3,MSC INFORMATION TECHNOLOGY
20,6,20,The overall quality of the teaching-learning process in your institute is very good.,0,0,1,2,3,4.33 / 86.67,MSC INFORMATION TECHNOLOGY - 3,MSC INFORMATION TECHNOLOGY
1,14,24,How much of the syllabus was covered in the class?,1,3,4,3,3,3.29 / 65.71,MSC MICROBIOLOGY - 3,MSC MICROBIOLOGY
2,14,24,How well did the teachers prepare for the classes?,0,2,3,6,3,3.71 / 74.29,MSC MICROBIOLOGY - 3,MSC MICROBIOLOGY
3,14,24,How well were the teachers able to communicate?,0,1,2,7,4,4.00 / 80.00,MSC MICROBIOLOGY - 3,MSC MICROBIOLOGY
4,14,24,The teacher’s approach to teaching can best be described as,0,3,4,4,3,3.50 / 70.00,MSC MICROBIOLOGY - 3,MSC MICROBIOLOGY
5,14,24,Fairness of the internal evaluation process by the teachers.,0,0,3,6,5,4.14 / 82.86,MSC MICROBIOLOGY - 3,MSC MICROBIOLOGY
6,14,24,Was your performance in assignments discussed with you?,1,0,5,5,3,3.64 / 72.86,MSC MICROBIOLOGY - 3,MSC MICROBIOLOGY
7,14,24,"The institute takes an active interest in promoting internships, student exchange, field visit opportunities for students.",0,2,4,4,4,3.71 / 74.29,MSC MICROBIOLOGY - 3,MSC MICROBIOLOGY
8,14,24,"The teaching and mentoring process in your institution facilitates you in cognitive, social and
emotional growth.",0,1,7,5,1,3.43 / 68.57,MSC MICROBIOLOGY - 3,MSC MICROBIOLOGY
9,14,24,The institution provides multiple opportunities to learn and grow.,0,1,8,2,3,3.50 / 70.00,MSC MICROBIOLOGY - 3,MSC MICROBIOLOGY
10,14,24,"Teachers inform you about your expected competencies, course outcomes and program
outcomes.",0,3,4,3,4,3.57 / 71.43,MSC MICROBIOLOGY - 3,MSC MICROBIOLOGY
11,14,24,Your mentor does a necessary follow-up with an assigned task to you.,0,0,4,5,5,4.07 / 81.43,MSC MICROBIOLOGY - 3,MSC MICROBIOLOGY
12,14,24,The teachers illustrate the concepts through examples and applications.,1,1,3,4,5,3.79 / 75.71,MSC MICROBIOLOGY - 3,MSC MICROBIOLOGY
13,14,24,The teachers identify your strengths and encourage you to provide the proper level of challenges.,0,2,5,3,4,3.64 / 72.86,MSC MICROBIOLOGY - 3,MSC MICROBIOLOGY
14,14,24,Teachers are able to identify your weaknesses and help you to overcome them.,0,1,5,4,4,3.79 / 75.71,MSC MICROBIOLOGY - 3,MSC MICROBIOLOGY
15,14,24,"The institution makes effort to engage students in the monitoring, review and continuous quality improvement of the teaching-learning process.",0,0,7,4,3,3.71 / 74.29,MSC MICROBIOLOGY - 3,MSC MICROBIOLOGY
16,14,24,"The institute/ teachers use student-centric methods, such as experiential learning, participative learning and problem-solving methodologies for enhancing learning experiences.",0,1,4,5,4,3.86 / 77.14,MSC MICROBIOLOGY - 3,MSC MICROBIOLOGY
17,14,24,Teachers encourage you to participate in extracurricular activities.,0,1,7,3,3,3.57 / 71.43,MSC MICROBIOLOGY - 3,MSC MICROBIOLOGY
18,14,24,"Efforts are made by the institute/ teachers to inculcate soft skills, life skills and employability skills to make you ready for the world of work.",0,2,3,5,4,3.79 / 75.71,MSC MICROBIOLOGY - 3,MSC MICROBIOLOGY
19,14,24,"What percentage of teachers use ICT tools such as LCD projectors, Multimedia, etc. while teaching?",1,0,6,5,2,3.50 / 70.00,MSC MICROBIOLOGY - 3,MSC MICROBIOLOGY
20,14,24,The overall quality of the teaching-learning process in your institute is very good.,0,1,7,2,4,3.64 / 72.86,MSC MICROBIOLOGY - 3,MSC MICROBIOLOGY
1,17,22,How much of the syllabus was covered in the class?,1,1,1,6,8,4.12 / 82.35,MSC ORGANIC CHEMISTRY - 3,MSC ORGANIC CHEMISTRY
2,17,22,How well did the teachers prepare for the classes?,0,1,1,9,6,4.18 / 83.53,MSC ORGANIC CHEMISTRY - 3,MSC ORGANIC CHEMISTRY
3,17,22,How well were the teachers able to communicate?,0,0,4,8,5,4.06 / 81.18,MSC ORGANIC CHEMISTRY - 3,MSC ORGANIC CHEMISTRY
4,17,22,The teacher’s approach to teaching can best be described as,1,0,3,9,4,3.88 / 77.65,MSC ORGANIC CHEMISTRY - 3,MSC ORGANIC CHEMISTRY
5,17,22,Fairness of the internal evaluation process by the teachers.,0,0,1,8,8,4.41 / 88.24,MSC ORGANIC CHEMISTRY - 3,MSC ORGANIC CHEMISTRY
6,17,22,Was your performance in assignments discussed with you?,2,1,3,4,7,3.76 / 75.29,MSC ORGANIC CHEMISTRY - 3,MSC ORGANIC CHEMISTRY
7,17,22,"The institute takes an active interest in promoting internships, student exchange, field visit opportunities for students.",1,0,2,10,4,3.94 / 78.82,MSC ORGANIC CHEMISTRY - 3,MSC ORGANIC CHEMISTRY
8,17,22,"The teaching and mentoring process in your institution facilitates you in cognitive, social and
emotional growth.",1,2,1,7,6,3.88 / 77.65,MSC ORGANIC CHEMISTRY - 3,MSC ORGANIC CHEMISTRY
9,17,22,The institution provides multiple opportunities to learn and grow.,1,0,3,7,6,4.00 / 80.00,MSC ORGANIC CHEMISTRY - 3,MSC ORGANIC CHEMISTRY
10,17,22,"Teachers inform you about your expected competencies, course outcomes and program
outcomes.",0,0,1,8,8,4.41 / 88.24,MSC ORGANIC CHEMISTRY - 3,MSC ORGANIC CHEMISTRY
11,17,22,Your mentor does a necessary follow-up with an assigned task to you.,1,2,3,5,6,3.76 / 75.29,MSC ORGANIC CHEMISTRY - 3,MSC ORGANIC CHEMISTRY
12,17,22,The teachers illustrate the concepts through examples and applications.,1,0,1,7,8,4.24 / 84.71,MSC ORGANIC CHEMISTRY - 3,MSC ORGANIC CHEMISTRY
13,17,22,The teachers identify your strengths and encourage you to provide the proper level of challenges.,2,1,1,6,7,3.88 / 77.65,MSC ORGANIC CHEMISTRY - 3,MSC ORGANIC CHEMISTRY
14,17,22,Teachers are able to identify your weaknesses and help you to overcome them.,1,2,3,5,6,3.76 / 75.29,MSC ORGANIC CHEMISTRY - 3,MSC ORGANIC CHEMISTRY
15,17,22,"The institution makes effort to engage students in the monitoring, review and continuous quality improvement of the teaching-learning process.",0,2,2,8,5,3.94 / 78.82,MSC ORGANIC CHEMISTRY - 3,MSC ORGANIC CHEMISTRY
16,17,22,"The institute/ teachers use student-centric methods, such as experiential learning, participative learning and problem-solving methodologies for enhancing learning experiences.",1,0,3,8,5,3.94 / 78.82,MSC ORGANIC CHEMISTRY - 3,MSC ORGANIC CHEMISTRY
17,17,22,Teachers encourage you to participate in extracurricular activities.,0,1,4,7,5,3.94 / 78.82,MSC ORGANIC CHEMISTRY - 3,MSC ORGANIC CHEMISTRY
18,17,22,"Efforts are made by the institute/ teachers to inculcate soft skills, life skills and employability skills to make you ready for the world of work.",0,1,3,8,5,4.00 / 80.00,MSC ORGANIC CHEMISTRY - 3,MSC ORGANIC CHEMISTRY
19,17,22,"What percentage of teachers use ICT tools such as LCD projectors, Multimedia, etc. while teaching?",1,3,4,7,2,3.35 / 67.06,MSC ORGANIC CHEMISTRY - 3,MSC ORGANIC CHEMISTRY
20,17,22,The overall quality of the teaching-learning process in your institute is very good.,0,0,4,9,4,4.00 / 80.00,MSC ORGANIC CHEMISTRY - 3,MSC ORGANIC CHEMISTRY
1,2,18,How much of the syllabus was covered in the class?,0,1,0,1,0,3.00 / 60.00,MSC PHYSICS - 3,MSC PHYSICS
2,2,18,How well did the teachers prepare for the classes?,0,0,0,1,1,4.50 / 90.00,MSC PHYSICS - 3,MSC PHYSICS
3,2,18,How well were the teachers able to communicate?,0,0,0,1,1,4.50 / 90.00,MSC PHYSICS - 3,MSC PHYSICS
4,2,18,The teacher’s approach to teaching can best be described as,0,1,0,0,1,3.50 / 70.00,MSC PHYSICS - 3,MSC PHYSICS
5,2,18,Fairness of the internal evaluation process by the teachers.,0,0,0,1,1,4.50 / 90.00,MSC PHYSICS - 3,MSC PHYSICS
6,2,18,Was your performance in assignments discussed with you?,0,1,0,1,0,3.00 / 60.00,MSC PHYSICS - 3,MSC PHYSICS
7,2,18,"The institute takes an active interest in promoting internships, student exchange, field visit opportunities for students.",0,1,1,0,0,2.50 / 50.00,MSC PHYSICS - 3,MSC PHYSICS
8,2,18,"The teaching and mentoring process in your institution facilitates you in cognitive, social and
emotional growth.",0,1,0,1,0,3.00 / 60.00,MSC PHYSICS - 3,MSC PHYSICS
9,2,18,The institution provides multiple opportunities to learn and grow.,0,0,1,1,0,3.50 / 70.00,MSC PHYSICS - 3,MSC PHYSICS
10,2,18,"Teachers inform you about your expected competencies, course outcomes and program
outcomes.",0,1,0,0,1,3.50 / 70.00,MSC PHYSICS - 3,MSC PHYSICS
11,2,18,Your mentor does a necessary follow-up with an assigned task to you.,0,1,1,0,0,2.50 / 50.00,MSC PHYSICS - 3,MSC PHYSICS
12,2,18,The teachers illustrate the concepts through examples and applications.,0,0,1,0,1,4.00 / 80.00,MSC PHYSICS - 3,MSC PHYSICS
13,2,18,The teachers identify your strengths and encourage you to provide the proper level of challenges.,0,1,0,0,1,3.50 / 70.00,MSC PHYSICS - 3,MSC PHYSICS
14,2,18,Teachers are able to identify your weaknesses and help you to overcome them.,0,1,0,1,0,3.00 / 60.00,MSC PHYSICS - 3,MSC PHYSICS
15,2,18,"The institution makes effort to engage students in the monitoring, review and continuous quality improvement of the teaching-learning process.",0,0,1,1,0,3.50 / 70.00,MSC PHYSICS - 3,MSC PHYSICS
16,2,18,"The institute/ teachers use student-centric methods, such as experiential learning, participative learning and problem-solving methodologies for enhancing learning experiences.",0,1,1,0,0,2.50 / 50.00,MSC PHYSICS - 3,MSC PHYSICS
17,2,18,Teachers encourage you to participate in extracurricular activities.,0,0,1,0,1,4.00 / 80.00,MSC PHYSICS - 3,MSC PHYSICS
18,2,18,"Efforts are made by the institute/ teachers to inculcate soft skills, life skills and employability skills to make you ready for the world of work.",0,0,1,1,0,3.50 / 70.00,MSC PHYSICS - 3,MSC PHYSICS
19,2,18,"What percentage of teachers use ICT tools such as LCD projectors, Multimedia, etc. while teaching?",0,1,0,1,0,3.00 / 60.00,MSC PHYSICS - 3,MSC PHYSICS
20,2,18,The overall quality of the teaching-learning process in your institute is very good.,0,0,1,1,0,3.50 / 70.00,MSC PHYSICS - 3,MSC PHYSICS
1,46,137,How much of the syllabus was covered in the class?,0,3,2,8,33,4.54 / 90.87,S.Y.B.A.F,BACHELOR OF COMMERCE (ACCOUNTING AND FINANCE)
2,46,137,How well did the teachers prepare for the classes?,1,2,3,27,13,4.07 / 81.30,S.Y.B.A.F,BACHELOR OF COMMERCE (ACCOUNTING AND FINANCE)
3,46,137,How well were the teachers able to communicate?,0,0,5,16,25,4.43 / 88.70,S.Y.B.A.F,BACHELOR OF COMMERCE (ACCOUNTING AND FINANCE)
4,46,137,The teacher’s approach to teaching can best be described as,0,1,7,24,14,4.11 / 82.17,S.Y.B.A.F,BACHELOR OF COMMERCE (ACCOUNTING AND FINANCE)
5,46,137,Fairness of the internal evaluation process by the teachers.,1,0,4,17,24,4.37 / 87.39,S.Y.B.A.F,BACHELOR OF COMMERCE (ACCOUNTING AND FINANCE)
6,46,137,Was your performance in assignments discussed with you?,0,2,5,19,20,4.24 / 84.78,S.Y.B.A.F,BACHELOR OF COMMERCE (ACCOUNTING AND FINANCE)
7,46,137,"The institute takes an active interest in promoting internships, student exchange, field visit opportunities for students.",2,3,8,12,21,4.02 / 80.43,S.Y.B.A.F,BACHELOR OF COMMERCE (ACCOUNTING AND FINANCE)
8,46,137,"The teaching and mentoring process in your institution facilitates you in cognitive, social and
emotional growth.",0,2,9,21,14,4.02 / 80.43,S.Y.B.A.F,BACHELOR OF COMMERCE (ACCOUNTING AND FINANCE)
9,46,137,The institution provides multiple opportunities to learn and grow.,0,2,2,24,18,4.26 / 85.22,S.Y.B.A.F,BACHELOR OF COMMERCE (ACCOUNTING AND FINANCE)
10,46,137,"Teachers inform you about your expected competencies, course outcomes and program
outcomes.",1,1,3,24,17,4.20 / 83.91,S.Y.B.A.F,BACHELOR OF COMMERCE (ACCOUNTING AND FINANCE)
11,46,137,Your mentor does a necessary follow-up with an assigned task to you.,0,1,2,30,13,4.20 / 83.91,S.Y.B.A.F,BACHELOR OF COMMERCE (ACCOUNTING AND FINANCE)
12,46,137,The teachers illustrate the concepts through examples and applications.,0,2,4,19,21,4.28 / 85.65,S.Y.B.A.F,BACHELOR OF COMMERCE (ACCOUNTING AND FINANCE)
13,46,137,The teachers identify your strengths and encourage you to provide the proper level of challenges.,1,2,6,18,19,4.13 / 82.61,S.Y.B.A.F,BACHELOR OF COMMERCE (ACCOUNTING AND FINANCE)
14,46,137,Teachers are able to identify your weaknesses and help you to overcome them.,1,7,6,16,16,3.85 / 76.96,S.Y.B.A.F,BACHELOR OF COMMERCE (ACCOUNTING AND FINANCE)
15,46,137,"The institution makes effort to engage students in the monitoring, review and continuous quality improvement of the teaching-learning process.",1,2,3,27,13,4.07 / 81.30,S.Y.B.A.F,BACHELOR OF COMMERCE (ACCOUNTING AND FINANCE)
16,46,137,"The institute/ teachers use student-centric methods, such as experiential learning, participative learning and problem-solving methodologies for enhancing learning experiences.",0,5,5,19,17,4.04 / 80.87,S.Y.B.A.F,BACHELOR OF COMMERCE (ACCOUNTING AND FINANCE)
17,46,137,Teachers encourage you to participate in extracurricular activities.,1,1,3,19,22,4.30 / 86.09,S.Y.B.A.F,BACHELOR OF COMMERCE (ACCOUNTING AND FINANCE)
18,46,137,"Efforts are made by the institute/ teachers to inculcate soft skills, life skills and employability skills to make you ready for the world of work.",1,3,1,25,16,4.13 / 82.61,S.Y.B.A.F,BACHELOR OF COMMERCE (ACCOUNTING AND FINANCE)
19,46,137,"What percentage of teachers use ICT tools such as LCD projectors, Multimedia, etc. while teaching?",10,2,10,13,11,3.28 / 65.65,S.Y.B.A.F,BACHELOR OF COMMERCE (ACCOUNTING AND FINANCE)
20,46,137,The overall quality of the teaching-learning process in your institute is very good.,2,1,6,18,19,4.11 / 82.17,S.Y.B.A.F,BACHELOR OF COMMERCE (ACCOUNTING AND FINANCE)
1,37,559,How much of the syllabus was covered in the class?,0,3,12,14,8,3.73 / 74.59,SYBCOM,BACHELOR OF COMMERCE
2,37,559,How well did the teachers prepare for the classes?,1,3,5,20,8,3.84 / 76.76,SYBCOM,BACHELOR OF COMMERCE
3,37,559,How well were the teachers able to communicate?,2,1,5,13,16,4.08 / 81.62,SYBCOM,BACHELOR OF COMMERCE
4,37,559,The teacher’s approach to teaching can best be described as,0,2,16,13,6,3.62 / 72.43,SYBCOM,BACHELOR OF COMMERCE
5,37,559,Fairness of the internal evaluation process by the teachers.,1,4,4,14,14,3.97 / 79.46,SYBCOM,BACHELOR OF COMMERCE
6,37,559,Was your performance in assignments discussed with you?,2,6,5,9,15,3.78 / 75.68,SYBCOM,BACHELOR OF COMMERCE
7,37,559,"The institute takes an active interest in promoting internships, student exchange, field visit opportunities for students.",1,4,13,6,13,3.70 / 74.05,SYBCOM,BACHELOR OF COMMERCE
8,37,559,"The teaching and mentoring process in your institution facilitates you in cognitive, social and
emotional growth.",2,4,7,17,7,3.62 / 72.43,SYBCOM,BACHELOR OF COMMERCE
9,37,559,The institution provides multiple opportunities to learn and grow.,0,4,12,15,6,3.62 / 72.43,SYBCOM,BACHELOR OF COMMERCE
10,37,559,"Teachers inform you about your expected competencies, course outcomes and program
outcomes.",3,3,2,13,16,3.97 / 79.46,SYBCOM,BACHELOR OF COMMERCE
11,37,559,Your mentor does a necessary follow-up with an assigned task to you.,3,4,6,10,14,3.76 / 75.14,SYBCOM,BACHELOR OF COMMERCE
12,37,559,The teachers illustrate the concepts through examples and applications.,2,7,4,10,14,3.73 / 74.59,SYBCOM,BACHELOR OF COMMERCE
13,37,559,The teachers identify your strengths and encourage you to provide the proper level of challenges.,1,3,8,12,13,3.89 / 77.84,SYBCOM,BACHELOR OF COMMERCE
14,37,559,Teachers are able to identify your weaknesses and help you to overcome them.,2,6,7,11,11,3.62 / 72.43,SYBCOM,BACHELOR OF COMMERCE
15,37,559,"The institution makes effort to engage students in the monitoring, review and continuous quality improvement of the teaching-learning process.",2,5,7,14,9,3.62 / 72.43,SYBCOM,BACHELOR OF COMMERCE
16,37,559,"The institute/ teachers use student-centric methods, such as experiential learning, participative learning and problem-solving methodologies for enhancing learning experiences.",1,7,5,16,8,3.62 / 72.43,SYBCOM,BACHELOR OF COMMERCE
17,37,559,Teachers encourage you to participate in extracurricular activities.,1,4,8,15,9,3.73 / 74.59,SYBCOM,BACHELOR OF COMMERCE
18,37,559,"Efforts are made by the institute/ teachers to inculcate soft skills, life skills and employability skills to make you ready for the world of work.",4,6,3,14,10,3.54 / 70.81,SYBCOM,BACHELOR OF COMMERCE
19,37,559,"What percentage of teachers use ICT tools such as LCD projectors, Multimedia, etc. while teaching?",9,8,9,7,4,2.70 / 54.05,SYBCOM,BACHELOR OF COMMERCE
20,37,559,The overall quality of the teaching-learning process in your institute is very good.,1,2,8,16,10,3.86 / 77.30,SYBCOM,BACHELOR OF COMMERCE
1,7,123,How much of the syllabus was covered in the class?,0,0,1,4,2,4.14 / 82.86,SYBMS ,BACHELOR OF MANAGEMENT STUDIES
2,7,123,How well did the teachers prepare for the classes?,0,0,0,3,4,4.57 / 91.43,SYBMS ,BACHELOR OF MANAGEMENT STUDIES
3,7,123,How well were the teachers able to communicate?,0,0,2,2,3,4.14 / 82.86,SYBMS ,BACHELOR OF MANAGEMENT STUDIES
4,7,123,The teacher’s approach to teaching can best be described as,0,0,1,3,3,4.29 / 85.71,SYBMS ,BACHELOR OF MANAGEMENT STUDIES
5,7,123,Fairness of the internal evaluation process by the teachers.,0,0,1,2,4,4.43 / 88.57,SYBMS ,BACHELOR OF MANAGEMENT STUDIES
6,7,123,Was your performance in assignments discussed with you?,0,0,1,1,5,4.57 / 91.43,SYBMS ,BACHELOR OF MANAGEMENT STUDIES
7,7,123,"The institute takes an active interest in promoting internships, student exchange, field visit opportunities for students.",0,0,1,3,3,4.29 / 85.71,SYBMS ,BACHELOR OF MANAGEMENT STUDIES
8,7,123,"The teaching and mentoring process in your institution facilitates you in cognitive, social and
emotional growth.",0,0,1,4,2,4.14 / 82.86,SYBMS ,BACHELOR OF MANAGEMENT STUDIES
9,7,123,The institution provides multiple opportunities to learn and grow.,0,0,1,2,4,4.43 / 88.57,SYBMS ,BACHELOR OF MANAGEMENT STUDIES
10,7,123,"Teachers inform you about your expected competencies, course outcomes and program
outcomes.",0,0,1,2,4,4.43 / 88.57,SYBMS ,BACHELOR OF MANAGEMENT STUDIES
11,7,123,Your mentor does a necessary follow-up with an assigned task to you.,0,0,0,2,5,4.71 / 94.29,SYBMS ,BACHELOR OF MANAGEMENT STUDIES
12,7,123,The teachers illustrate the concepts through examples and applications.,0,0,1,2,4,4.43 / 88.57,SYBMS ,BACHELOR OF MANAGEMENT STUDIES
13,7,123,The teachers identify your strengths and encourage you to provide the proper level of challenges.,0,0,0,4,3,4.43 / 88.57,SYBMS ,BACHELOR OF MANAGEMENT STUDIES
14,7,123,Teachers are able to identify your weaknesses and help you to overcome them.,0,0,0,3,4,4.57 / 91.43,SYBMS ,BACHELOR OF MANAGEMENT STUDIES
15,7,123,"The institution makes effort to engage students in the monitoring, review and continuous quality improvement of the teaching-learning process.",0,0,0,4,3,4.43 / 88.57,SYBMS ,BACHELOR OF MANAGEMENT STUDIES
16,7,123,"The institute/ teachers use student-centric methods, such as experiential learning, participative learning and problem-solving methodologies for enhancing learning experiences.",0,0,1,2,4,4.43 / 88.57,SYBMS ,BACHELOR OF MANAGEMENT STUDIES
17,7,123,Teachers encourage you to participate in extracurricular activities.,1,0,0,3,3,4.00 / 80.00,SYBMS ,BACHELOR OF MANAGEMENT STUDIES
18,7,123,"Efforts are made by the institute/ teachers to inculcate soft skills, life skills and employability skills to make you ready for the world of work.",0,0,0,3,4,4.57 / 91.43,SYBMS ,BACHELOR OF MANAGEMENT STUDIES
19,7,123,"What percentage of teachers use ICT tools such as LCD projectors, Multimedia, etc. while teaching?",0,1,0,6,0,3.71 / 74.29,SYBMS ,BACHELOR OF MANAGEMENT STUDIES
20,7,123,The overall quality of the teaching-learning process in your institute is very good.,0,0,0,4,3,4.43 / 88.57,SYBMS ,BACHELOR OF MANAGEMENT STUDIES
1,7,159,How much of the syllabus was covered in the class?,0,1,3,1,2,3.57 / 71.43,SYBSC,BACHELOR OF SCIENCE
2,7,159,How well did the teachers prepare for the classes?,0,0,3,3,1,3.71 / 74.29,SYBSC,BACHELOR OF SCIENCE
3,7,159,How well were the teachers able to communicate?,0,2,2,2,1,3.29 / 65.71,SYBSC,BACHELOR OF SCIENCE
4,7,159,The teacher’s approach to teaching can best be described as,0,2,4,1,0,2.86 / 57.14,SYBSC,BACHELOR OF SCIENCE
5,7,159,Fairness of the internal evaluation process by the teachers.,0,3,1,1,2,3.29 / 65.71,SYBSC,BACHELOR OF SCIENCE
6,7,159,Was your performance in assignments discussed with you?,1,2,2,2,0,2.71 / 54.29,SYBSC,BACHELOR OF SCIENCE
7,7,159,"The institute takes an active interest in promoting internships, student exchange, field visit opportunities for students.",0,3,0,2,2,3.43 / 68.57,SYBSC,BACHELOR OF SCIENCE
8,7,159,"The teaching and mentoring process in your institution facilitates you in cognitive, social and
emotional growth.",0,2,3,2,0,3.00 / 60.00,SYBSC,BACHELOR OF SCIENCE
9,7,159,The institution provides multiple opportunities to learn and grow.,0,2,2,3,0,3.14 / 62.86,SYBSC,BACHELOR OF SCIENCE
10,7,159,"Teachers inform you about your expected competencies, course outcomes and program
outcomes.",0,3,2,1,1,3.00 / 60.00,SYBSC,BACHELOR OF SCIENCE
11,7,159,Your mentor does a necessary follow-up with an assigned task to you.,0,1,4,0,2,3.43 / 68.57,SYBSC,BACHELOR OF SCIENCE
12,7,159,The teachers illustrate the concepts through examples and applications.,0,3,1,1,2,3.29 / 65.71,SYBSC,BACHELOR OF SCIENCE
13,7,159,The teachers identify your strengths and encourage you to provide the proper level of challenges.,2,1,1,2,1,2.86 / 57.14,SYBSC,BACHELOR OF SCIENCE
14,7,159,Teachers are able to identify your weaknesses and help you to overcome them.,1,1,2,2,1,3.14 / 62.86,SYBSC,BACHELOR OF SCIENCE
15,7,159,"The institution makes effort to engage students in the monitoring, review and continuous quality improvement of the teaching-learning process.",0,0,6,1,0,3.14 / 62.86,SYBSC,BACHELOR OF SCIENCE
16,7,159,"The institute/ teachers use student-centric methods, such as experiential learning, participative learning and problem-solving methodologies for enhancing learning experiences.",0,3,1,2,1,3.14 / 62.86,SYBSC,BACHELOR OF SCIENCE
17,7,159,Teachers encourage you to participate in extracurricular activities.,0,0,4,1,2,3.71 / 74.29,SYBSC,BACHELOR OF SCIENCE
18,7,159,"Efforts are made by the institute/ teachers to inculcate soft skills, life skills and employability skills to make you ready for the world of work.",0,2,2,2,1,3.29 / 65.71,SYBSC,BACHELOR OF SCIENCE
19,7,159,"What percentage of teachers use ICT tools such as LCD projectors, Multimedia, etc. while teaching?",1,0,4,2,0,3.00 / 60.00,SYBSC,BACHELOR OF SCIENCE
20,7,159,The overall quality of the teaching-learning process in your institute is very good.,0,1,3,2,1,3.43 / 68.57,SYBSC,BACHELOR OF SCIENCE
1,27,48,How much of the syllabus was covered in the class?,1,4,7,9,6,3.56 / 71.11,SY COMPUTER SCIENCE,B.SC. COMPUTER SCIENCE
2,27,48,How well did the teachers prepare for the classes?,1,5,5,10,6,3.56 / 71.11,SY COMPUTER SCIENCE,B.SC. COMPUTER SCIENCE
3,27,48,How well were the teachers able to communicate?,1,7,3,6,10,3.63 / 72.59,SY COMPUTER SCIENCE,B.SC. COMPUTER SCIENCE
4,27,48,The teacher’s approach to teaching can best be described as,2,5,11,3,6,3.22 / 64.44,SY COMPUTER SCIENCE,B.SC. COMPUTER SCIENCE
5,27,48,Fairness of the internal evaluation process by the teachers.,3,4,4,11,5,3.41 / 68.15,SY COMPUTER SCIENCE,B.SC. COMPUTER SCIENCE
6,27,48,Was your performance in assignments discussed with you?,1,7,3,9,7,3.52 / 70.37,SY COMPUTER SCIENCE,B.SC. COMPUTER SCIENCE
7,27,48,"The institute takes an active interest in promoting internships, student exchange, field visit opportunities for students.",2,4,6,9,6,3.48 / 69.63,SY COMPUTER SCIENCE,B.SC. COMPUTER SCIENCE
8,27,48,"The teaching and mentoring process in your institution facilitates you in cognitive, social and
emotional growth.",2,7,2,9,7,3.44 / 68.89,SY COMPUTER SCIENCE,B.SC. COMPUTER SCIENCE
9,27,48,The institution provides multiple opportunities to learn and grow.,4,2,7,5,9,3.48 / 69.63,SY COMPUTER SCIENCE,B.SC. COMPUTER SCIENCE
10,27,48,"Teachers inform you about your expected competencies, course outcomes and program
outcomes.",6,3,6,8,4,3.04 / 60.74,SY COMPUTER SCIENCE,B.SC. COMPUTER SCIENCE
11,27,48,Your mentor does a necessary follow-up with an assigned task to you.,0,6,9,8,4,3.37 / 67.41,SY COMPUTER SCIENCE,B.SC. COMPUTER SCIENCE
12,27,48,The teachers illustrate the concepts through examples and applications.,2,4,10,9,2,3.19 / 63.70,SY COMPUTER SCIENCE,B.SC. COMPUTER SCIENCE
13,27,48,The teachers identify your strengths and encourage you to provide the proper level of challenges.,4,3,5,7,8,3.44 / 68.89,SY COMPUTER SCIENCE,B.SC. COMPUTER SCIENCE
14,27,48,Teachers are able to identify your weaknesses and help you to overcome them.,5,8,3,6,5,2.93 / 58.52,SY COMPUTER SCIENCE,B.SC. COMPUTER SCIENCE
15,27,48,"The institution makes effort to engage students in the monitoring, review and continuous quality improvement of the teaching-learning process.",1,7,6,7,6,3.37 / 67.41,SY COMPUTER SCIENCE,B.SC. COMPUTER SCIENCE
16,27,48,"The institute/ teachers use student-centric methods, such as experiential learning, participative learning and problem-solving methodologies for enhancing learning experiences.",2,6,9,5,5,3.19 / 63.70,SY COMPUTER SCIENCE,B.SC. COMPUTER SCIENCE
17,27,48,Teachers encourage you to participate in extracurricular activities.,4,4,6,10,3,3.15 / 62.96,SY COMPUTER SCIENCE,B.SC. COMPUTER SCIENCE
18,27,48,"Efforts are made by the institute/ teachers to inculcate soft skills, life skills and employability skills to make you ready for the world of work.",2,4,11,6,4,3.22 / 64.44,SY COMPUTER SCIENCE,B.SC. COMPUTER SCIENCE
19,27,48,"What percentage of teachers use ICT tools such as LCD projectors, Multimedia, etc. while teaching?",1,4,7,10,5,3.52 / 70.37,SY COMPUTER SCIENCE,B.SC. COMPUTER SCIENCE
20,27,48,The overall quality of the teaching-learning process in your institute is very good.,1,4,10,8,4,3.37 / 67.41,SY COMPUTER SCIENCE,B.SC. COMPUTER SCIENCE
1,17,118,How much of the syllabus was covered in the class?,0,2,6,5,4,3.65 / 72.94,TYBA,BACHELOR OF ARTS
2,17,118,How well did the teachers prepare for the classes?,0,0,3,5,9,4.35 / 87.06,TYBA,BACHELOR OF ARTS
3,17,118,How well were the teachers able to communicate?,0,0,2,5,10,4.47 / 89.41,TYBA,BACHELOR OF ARTS
4,17,118,The teacher’s approach to teaching can best be described as,0,1,5,5,6,3.94 / 78.82,TYBA,BACHELOR OF ARTS
5,17,118,Fairness of the internal evaluation process by the teachers.,0,0,2,4,11,4.53 / 90.59,TYBA,BACHELOR OF ARTS
6,17,118,Was your performance in assignments discussed with you?,0,0,2,2,13,4.65 / 92.94,TYBA,BACHELOR OF ARTS
7,17,118,"The institute takes an active interest in promoting internships, student exchange, field visit opportunities for students.",0,0,3,3,11,4.47 / 89.41,TYBA,BACHELOR OF ARTS
8,17,118,"The teaching and mentoring process in your institution facilitates you in cognitive, social and
emotional growth.",0,0,2,7,8,4.35 / 87.06,TYBA,BACHELOR OF ARTS
9,17,118,The institution provides multiple opportunities to learn and grow.,0,0,5,9,3,3.88 / 77.65,TYBA,BACHELOR OF ARTS
10,17,118,"Teachers inform you about your expected competencies, course outcomes and program
outcomes.",0,2,1,1,13,4.47 / 89.41,TYBA,BACHELOR OF ARTS
11,17,118,Your mentor does a necessary follow-up with an assigned task to you.,0,2,4,3,8,4.00 / 80.00,TYBA,BACHELOR OF ARTS
12,17,118,The teachers illustrate the concepts through examples and applications.,0,2,5,3,7,3.88 / 77.65,TYBA,BACHELOR OF ARTS
13,17,118,The teachers identify your strengths and encourage you to provide the proper level of challenges.,1,0,4,6,6,3.94 / 78.82,TYBA,BACHELOR OF ARTS
14,17,118,Teachers are able to identify your weaknesses and help you to overcome them.,1,1,4,1,10,4.06 / 81.18,TYBA,BACHELOR OF ARTS
15,17,118,"The institution makes effort to engage students in the monitoring, review and continuous quality improvement of the teaching-learning process.",0,1,2,11,3,3.94 / 78.82,TYBA,BACHELOR OF ARTS
16,17,118,"The institute/ teachers use student-centric methods, such as experiential learning, participative learning and problem-solving methodologies for enhancing learning experiences.",0,3,2,3,9,4.06 / 81.18,TYBA,BACHELOR OF ARTS
17,17,118,Teachers encourage you to participate in extracurricular activities.,0,0,4,8,5,4.06 / 81.18,TYBA,BACHELOR OF ARTS
18,17,118,"Efforts are made by the institute/ teachers to inculcate soft skills, life skills and employability skills to make you ready for the world of work.",0,3,2,4,8,4.00 / 80.00,TYBA,BACHELOR OF ARTS
19,17,118,"What percentage of teachers use ICT tools such as LCD projectors, Multimedia, etc. while teaching?",0,2,3,9,3,3.76 / 75.29,TYBA,BACHELOR OF ARTS
20,17,118,The overall quality of the teaching-learning process in your institute is very good.,0,1,4,7,5,3.94 / 78.82,TYBA,BACHELOR OF ARTS
1,39,331,How much of the syllabus was covered in the class?,2,5,8,8,16,3.79 / 75.90,TYBCOM,BACHELOR OF COMMERCE
2,39,331,How well did the teachers prepare for the classes?,0,2,10,21,6,3.79 / 75.90,TYBCOM,BACHELOR OF COMMERCE
3,39,331,How well were the teachers able to communicate?,1,2,6,9,21,4.21 / 84.10,TYBCOM,BACHELOR OF COMMERCE
4,39,331,The teacher’s approach to teaching can best be described as,1,2,11,14,11,3.82 / 76.41,TYBCOM,BACHELOR OF COMMERCE
5,39,331,Fairness of the internal evaluation process by the teachers.,1,6,8,8,16,3.82 / 76.41,TYBCOM,BACHELOR OF COMMERCE
6,39,331,Was your performance in assignments discussed with you?,1,7,8,9,14,3.72 / 74.36,TYBCOM,BACHELOR OF COMMERCE
7,39,331,"The institute takes an active interest in promoting internships, student exchange, field visit opportunities for students.",2,5,11,6,15,3.69 / 73.85,TYBCOM,BACHELOR OF COMMERCE
8,39,331,"The teaching and mentoring process in your institution facilitates you in cognitive, social and
emotional growth.",4,6,6,12,11,3.51 / 70.26,TYBCOM,BACHELOR OF COMMERCE
9,39,331,The institution provides multiple opportunities to learn and grow.,2,5,9,11,12,3.67 / 73.33,TYBCOM,BACHELOR OF COMMERCE
10,39,331,"Teachers inform you about your expected competencies, course outcomes and program
outcomes.",0,6,7,11,15,3.90 / 77.95,TYBCOM,BACHELOR OF COMMERCE
11,39,331,Your mentor does a necessary follow-up with an assigned task to you.,4,7,5,5,18,3.67 / 73.33,TYBCOM,BACHELOR OF COMMERCE
12,39,331,The teachers illustrate the concepts through examples and applications.,3,5,4,10,17,3.85 / 76.92,TYBCOM,BACHELOR OF COMMERCE
13,39,331,The teachers identify your strengths and encourage you to provide the proper level of challenges.,2,4,5,15,13,3.85 / 76.92,TYBCOM,BACHELOR OF COMMERCE
14,39,331,Teachers are able to identify your weaknesses and help you to overcome them.,3,3,8,13,12,3.72 / 74.36,TYBCOM,BACHELOR OF COMMERCE
15,39,331,"The institution makes effort to engage students in the monitoring, review and continuous quality improvement of the teaching-learning process.",3,4,9,15,8,3.54 / 70.77,TYBCOM,BACHELOR OF COMMERCE
16,39,331,"The institute/ teachers use student-centric methods, such as experiential learning, participative learning and problem-solving methodologies for enhancing learning experiences.",2,7,11,11,8,3.41 / 68.21,TYBCOM,BACHELOR OF COMMERCE
17,39,331,Teachers encourage you to participate in extracurricular activities.,0,5,13,11,10,3.67 / 73.33,TYBCOM,BACHELOR OF COMMERCE
18,39,331,"Efforts are made by the institute/ teachers to inculcate soft skills, life skills and employability skills to make you ready for the world of work.",0,4,8,14,13,3.92 / 78.46,TYBCOM,BACHELOR OF COMMERCE
19,39,331,"What percentage of teachers use ICT tools such as LCD projectors, Multimedia, etc. while teaching?",7,3,13,5,11,3.26 / 65.13,TYBCOM,BACHELOR OF COMMERCE
20,39,331,The overall quality of the teaching-learning process in your institute is very good.,1,5,4,14,15,3.95 / 78.97,TYBCOM,BACHELOR OF COMMERCE
1,4,105,How much of the syllabus was covered in the class?,0,0,3,0,1,3.50 / 70.00,TYBMS ,BACHELOR OF MANAGEMENT STUDIES
2,4,105,How well did the teachers prepare for the classes?,0,0,0,3,1,4.25 / 85.00,TYBMS ,BACHELOR OF MANAGEMENT STUDIES
3,4,105,How well were the teachers able to communicate?,0,0,0,3,1,4.25 / 85.00,TYBMS ,BACHELOR OF MANAGEMENT STUDIES
4,4,105,The teacher’s approach to teaching can best be described as,0,0,3,0,1,3.50 / 70.00,TYBMS ,BACHELOR OF MANAGEMENT STUDIES
5,4,105,Fairness of the internal evaluation process by the teachers.,0,0,1,2,1,4.00 / 80.00,TYBMS ,BACHELOR OF MANAGEMENT STUDIES
6,4,105,Was your performance in assignments discussed with you?,0,0,2,0,2,4.00 / 80.00,TYBMS ,BACHELOR OF MANAGEMENT STUDIES
7,4,105,"The institute takes an active interest in promoting internships, student exchange, field visit opportunities for students.",0,0,2,1,1,3.75 / 75.00,TYBMS ,BACHELOR OF MANAGEMENT STUDIES
8,4,105,"The teaching and mentoring process in your institution facilitates you in cognitive, social and
emotional growth.",0,1,1,1,1,3.50 / 70.00,TYBMS ,BACHELOR OF MANAGEMENT STUDIES
9,4,105,The institution provides multiple opportunities to learn and grow.,0,0,0,3,1,4.25 / 85.00,TYBMS ,BACHELOR OF MANAGEMENT STUDIES
10,4,105,"Teachers inform you about your expected competencies, course outcomes and program
outcomes.",0,0,1,1,2,4.25 / 85.00,TYBMS ,BACHELOR OF MANAGEMENT STUDIES
11,4,105,Your mentor does a necessary follow-up with an assigned task to you.,3,0,0,0,1,2.00 / 40.00,TYBMS ,BACHELOR OF MANAGEMENT STUDIES
12,4,105,The teachers illustrate the concepts through examples and applications.,0,0,0,1,3,4.75 / 95.00,TYBMS ,BACHELOR OF MANAGEMENT STUDIES
13,4,105,The teachers identify your strengths and encourage you to provide the proper level of challenges.,0,0,3,0,1,3.50 / 70.00,TYBMS ,BACHELOR OF MANAGEMENT STUDIES
14,4,105,Teachers are able to identify your weaknesses and help you to overcome them.,0,0,0,1,3,4.75 / 95.00,TYBMS ,BACHELOR OF MANAGEMENT STUDIES
15,4,105,"The institution makes effort to engage students in the monitoring, review and continuous quality improvement of the teaching-learning process.",0,0,0,4,0,4.00 / 80.00,TYBMS ,BACHELOR OF MANAGEMENT STUDIES
16,4,105,"The institute/ teachers use student-centric methods, such as experiential learning, participative learning and problem-solving methodologies for enhancing learning experiences.",0,1,0,2,1,3.75 / 75.00,TYBMS ,BACHELOR OF MANAGEMENT STUDIES
17,4,105,Teachers encourage you to participate in extracurricular activities.,0,0,0,3,1,4.25 / 85.00,TYBMS ,BACHELOR OF MANAGEMENT STUDIES
18,4,105,"Efforts are made by the institute/ teachers to inculcate soft skills, life skills and employability skills to make you ready for the world of work.",0,0,1,2,1,4.00 / 80.00,TYBMS ,BACHELOR OF MANAGEMENT STUDIES
19,4,105,"What percentage of teachers use ICT tools such as LCD projectors, Multimedia, etc. while teaching?",1,0,2,0,1,3.00 / 60.00,TYBMS ,BACHELOR OF MANAGEMENT STUDIES
20,4,105,The overall quality of the teaching-learning process in your institute is very good.,0,1,0,2,1,3.75 / 75.00,TYBMS ,BACHELOR OF MANAGEMENT STUDIES
1,9,170,How much of the syllabus was covered in the class?,0,0,0,3,6,4.67 / 93.33,TYBSC ,BACHELOR OF SCIENCE
2,9,170,How well did the teachers prepare for the classes?,0,0,0,3,6,4.67 / 93.33,TYBSC ,BACHELOR OF SCIENCE
3,9,170,How well were the teachers able to communicate?,0,0,0,0,9,5.00 / 100.00,TYBSC ,BACHELOR OF SCIENCE
4,9,170,The teacher’s approach to teaching can best be described as,0,0,0,2,7,4.78 / 95.56,TYBSC ,BACHELOR OF SCIENCE
5,9,170,Fairness of the internal evaluation process by the teachers.,0,0,1,2,6,4.56 / 91.11,TYBSC ,BACHELOR OF SCIENCE
6,9,170,Was your performance in assignments discussed with you?,0,0,1,2,6,4.56 / 91.11,TYBSC ,BACHELOR OF SCIENCE
7,9,170,"The institute takes an active interest in promoting internships, student exchange, field visit opportunities for students.",1,1,3,0,4,3.56 / 71.11,TYBSC ,BACHELOR OF SCIENCE
8,9,170,"The teaching and mentoring process in your institution facilitates you in cognitive, social and
emotional growth.",0,0,3,2,4,4.11 / 82.22,TYBSC ,BACHELOR OF SCIENCE
9,9,170,The institution provides multiple opportunities to learn and grow.,0,0,1,1,7,4.67 / 93.33,TYBSC ,BACHELOR OF SCIENCE
10,9,170,"Teachers inform you about your expected competencies, course outcomes and program
outcomes.",0,1,0,2,6,4.44 / 88.89,TYBSC ,BACHELOR OF SCIENCE
11,9,170,Your mentor does a necessary follow-up with an assigned task to you.,0,0,1,1,7,4.67 / 93.33,TYBSC ,BACHELOR OF SCIENCE
12,9,170,The teachers illustrate the concepts through examples and applications.,0,0,0,1,8,4.89 / 97.78,TYBSC ,BACHELOR OF SCIENCE
13,9,170,The teachers identify your strengths and encourage you to provide the proper level of challenges.,0,1,0,1,7,4.56 / 91.11,TYBSC ,BACHELOR OF SCIENCE
14,9,170,Teachers are able to identify your weaknesses and help you to overcome them.,1,1,0,2,5,4.00 / 80.00,TYBSC ,BACHELOR OF SCIENCE
15,9,170,"The institution makes effort to engage students in the monitoring, review and continuous quality improvement of the teaching-learning process.",0,0,0,2,7,4.78 / 95.56,TYBSC ,BACHELOR OF SCIENCE
16,9,170,"The institute/ teachers use student-centric methods, such as experiential learning, participative learning and problem-solving methodologies for enhancing learning experiences.",1,0,0,2,6,4.33 / 86.67,TYBSC ,BACHELOR OF SCIENCE
17,9,170,Teachers encourage you to participate in extracurricular activities.,0,0,0,3,6,4.67 / 93.33,TYBSC ,BACHELOR OF SCIENCE
18,9,170,"Efforts are made by the institute/ teachers to inculcate soft skills, life skills and employability skills to make you ready for the world of work.",0,0,1,2,6,4.56 / 91.11,TYBSC ,BACHELOR OF SCIENCE
19,9,170,"What percentage of teachers use ICT tools such as LCD projectors, Multimedia, etc. while teaching?",0,0,1,3,5,4.44 / 88.89,TYBSC ,BACHELOR OF SCIENCE
20,9,170,The overall quality of the teaching-learning process in your institute is very good.,0,0,1,2,6,4.56 / 91.11,TYBSC ,BACHELOR OF SCIENCE
